id,first_name,last_name,email,gender,car_brand,car_model,car_model_year,address,amount,purchase_date
1,Wandie,Ambrosch,wambrosch0@reverbnation.com,Female,Chevrolet,SSR,2005,17th Floor,$6612.37,6/2/2025
2,Parker,Malpas,pmalpas1@psu.edu,Genderqueer,Suzuki,X-90,1997,PO Box 38473,$2394.83,6/2/2025
3,Kinny,Sheer,ksheer2@friendfeed.com,Male,Nissan,Rogue,2012,PO Box 64624,$2547.76,6/2/2025
4,Neal,Ioannou,nioannou3@reddit.com,Male,Buick,Roadmaster,1992,Suite 41,$5357.28,5/30/2025
5,Adria,Roughsedge,aroughsedge4@reference.com,Female,Audi,A5,2009,20th Floor,$8257.31,6/2/2025
6,Denny,Lukas,dlukas5@bigcartel.com,Female,Ford,Crown Victoria,2008,15th Floor,$2870.45,6/2/2025
7,Francine,Ratt,fratt6@mail.ru,Female,Mercedes-Benz,R-Class,2010,PO Box 74759,$7993.91,5/30/2025
8,Gayle,Darleston,gdarleston7@mashable.com,Female,Isuzu,Rodeo,1996,7th Floor,$2941.81,6/3/2025
9,Estrella,Ricciardelli,ericciardelli8@apple.com,Female,Land Rover,LR4,2012,6th Floor,$5869.80,6/2/2025
10,Casi,Symers,csymers9@alexa.com,Female,GMC,Envoy,2002,Room 1334,$2417.67,6/2/2025
11,Moishe,Thurstan,mthurstana@stumbleupon.com,Polygender,Nissan,Sentra,2003,PO Box 38640,$1750.17,5/31/2025
12,Arnold,Wellfare,awellfareb@sourceforge.net,Genderqueer,Land Rover,Range Rover,1995,5th Floor,$9537.33,6/3/2025
13,Crosby,Clabburn,cclabburnc@ucoz.ru,Male,Lincoln,MKS,2013,PO Box 76145,$2435.93,5/30/2025
14,Analise,Pessold,apessoldd@artisteer.com,Female,Cadillac,Escalade,2009,Suite 42,$4017.37,6/2/2025
15,Alasteir,Banane,abananee@army.mil,Male,Chevrolet,Corsica,1993,Apt 1661,$9460.07,5/30/2025
16,Katha,Siemens,ksiemensf@netscape.com,Polygender,Lincoln,Town Car,2011,Suite 54,$7707.58,5/30/2025
17,Lemmy,Corck,lcorckg@squarespace.com,Male,Lincoln,MKX,2009,PO Box 79744,$2932.17,6/3/2025
18,Ede,Meekins,emeekinsh@123-reg.co.uk,Female,BMW,7 Series,2010,PO Box 46437,$9360.25,6/3/2025
19,George,Peasegod,gpeasegodi@xrea.com,Female,Buick,Lucerne,2010,Apt 946,$7084.01,5/31/2025
20,Maiga,Meacher,mmeacherj@auda.org.au,Female,Volkswagen,Cabriolet,1993,3rd Floor,$1471.55,6/3/2025
21,Calla,Baylis,cbaylisk@bloglovin.com,Polygender,Mitsubishi,Chariot,1996,Apt 832,$5749.75,5/31/2025
22,Emmie,Nannini,enanninil@psu.edu,Female,Mitsubishi,RVR,1993,16th Floor,$4714.95,5/30/2025
23,Kora,Worsfold,kworsfoldm@wix.com,Female,Nissan,Maxima,2004,Room 1788,$1880.10,6/2/2025
24,Howie,Wilsee,hwilseen@theatlantic.com,Male,Ford,Expedition EL,2012,Apt 136,$2563.08,6/2/2025
25,Dorie,McClay,dmcclayo@mysql.com,Male,GMC,Sonoma Club Coupe,1995,PO Box 76716,$4969.92,5/30/2025
26,Christoph,Ziemke,cziemkep@yale.edu,Genderqueer,Pontiac,Firebird,1968,Apt 181,$8172.48,6/1/2025
27,Lauree,Greeves,lgreevesq@forbes.com,Female,Nissan,Frontier,2004,12th Floor,$2388.24,6/3/2025
28,Karel,Wetherhead,kwetherheadr@wordpress.com,Male,Ford,Bronco,1989,Room 975,$8056.74,5/30/2025
29,Ada,Calley,acalleys@miibeian.gov.cn,Polygender,Mercedes-Benz,M-Class,2010,Suite 94,$4344.01,5/30/2025
30,Cornelia,Cranney,ccranneyt@squidoo.com,Female,Mitsubishi,Pajero,1990,PO Box 16740,$3264.39,6/1/2025
31,Ronna,Beever,rbeeveru@census.gov,Female,GMC,Suburban 2500,1998,Suite 87,$8272.90,6/1/2025
32,Clarance,McCorry,cmccorryv@topsy.com,Male,GMC,3500 Club Coupe,1994,20th Floor,$6181.76,5/31/2025
33,Fanny,Denidge,fdenidgew@php.net,Female,Audi,A4,2009,PO Box 1142,$9014.23,5/30/2025
34,Townie,Coolahan,tcoolahanx@networkadvertising.org,Male,Cadillac,Eldorado,2002,Apt 1011,$8110.87,5/31/2025
35,Cybil,Dooland,cdoolandy@biblegateway.com,Female,Land Rover,Defender Ice Edition,2010,1st Floor,$4394.27,6/1/2025
36,Eddy,Fassbender,efassbenderz@opensource.org,Bigender,Ford,Econoline E150,1996,9th Floor,$5870.26,6/2/2025
37,Claus,Pettican,cpettican10@biglobe.ne.jp,Male,Lexus,SC,1996,PO Box 38409,$7543.10,5/31/2025
38,Lana,Maffeo,lmaffeo11@newyorker.com,Female,Saab,9-5,2003,Room 1345,$3639.79,6/2/2025
39,Walton,Clare,wclare12@sitemeter.com,Male,Chevrolet,Caprice,1991,Apt 1218,$8594.29,5/30/2025
40,Alvis,Brimilcome,abrimilcome13@quantcast.com,Male,Toyota,Corolla,2011,3rd Floor,$5819.41,6/1/2025
41,Aldric,Gavini,agavini14@mashable.com,Male,Chrysler,300,2006,19th Floor,$8009.58,6/2/2025
42,Franky,Winborn,fwinborn15@dropbox.com,Male,Nissan,Pathfinder,1996,Room 1100,$7187.31,5/30/2025
43,Kerstin,Charles,kcharles16@sphinn.com,Female,Jaguar,XJ Series,2003,8th Floor,$7447.82,5/30/2025
44,Jo-anne,Thyer,jthyer17@fastcompany.com,Female,Mazda,Tribute,2005,Room 1719,$1417.00,6/1/2025
45,Janeczka,Illsley,jillsley18@comsenz.com,Female,Pontiac,Firebird,1995,Suite 71,$3225.24,6/2/2025
46,Eduardo,Poetz,epoetz19@newsvine.com,Male,Jaguar,X-Type,2007,Suite 72,$2639.49,5/30/2025
47,Ayn,MacTavish,amactavish1a@feedburner.com,Female,Isuzu,i-290,2007,Apt 190,$1128.92,5/30/2025
48,Frederic,Verling,fverling1b@altervista.org,Male,Jaguar,XJ Series,1995,20th Floor,$1714.62,5/31/2025
49,Lorri,Gatiss,lgatiss1c@craigslist.org,Female,Ford,Expedition,2001,Suite 6,$3242.02,6/2/2025
50,Pam,Firle,pfirle1d@ft.com,Female,Chevrolet,Corvette,1995,Room 39,$1139.64,5/31/2025
51,Enid,Player,eplayer1e@hc360.com,Bigender,Mercedes-Benz,300SD,1993,Apt 625,$1387.40,5/31/2025
52,Bartie,Lawland,blawland1f@engadget.com,Male,Isuzu,Rodeo,1994,Room 1909,$9311.19,6/2/2025
53,Grayce,Kellaway,gkellaway1g@eepurl.com,Female,Mazda,CX-9,2011,Room 1562,$8959.87,5/30/2025
54,Forest,Peyes,fpeyes1h@unc.edu,Male,Chevrolet,Corvette,2010,7th Floor,$8773.03,6/3/2025
55,Darcy,Wannell,dwannell1i@hatena.ne.jp,Female,Chevrolet,Express 1500,2003,20th Floor,$6188.13,6/3/2025
56,Eldon,Chafney,echafney1j@slideshare.net,Male,Dodge,Intrepid,1994,PO Box 50405,$9354.39,5/30/2025
57,Rodie,Brigman,rbrigman1k@addtoany.com,Female,Saturn,Outlook,2010,10th Floor,$6191.29,5/30/2025
58,Aviva,Reape,areape1l@arstechnica.com,Female,Volkswagen,Jetta,1991,PO Box 586,$9290.88,6/2/2025
59,Doe,Powe,dpowe1m@ebay.co.uk,Genderqueer,Mazda,MPV,1995,PO Box 88785,$5789.82,5/30/2025
60,Reece,Udall,rudall1n@ebay.co.uk,Male,Dodge,Ram Van 3500,2001,15th Floor,$6940.52,6/3/2025
61,Shaylynn,Gamil,sgamil1o@about.com,Female,Acura,Vigor,1992,PO Box 1179,$7692.62,6/1/2025
62,Zacherie,Claesens,zclaesens1p@instagram.com,Male,Chevrolet,G-Series 1500,1998,Room 959,$1090.47,5/31/2025
63,Clemente,Cardenosa,ccardenosa1q@spiegel.de,Male,Toyota,4Runner,2000,Suite 68,$5055.43,5/31/2025
64,Helaina,Heikkinen,hheikkinen1r@squarespace.com,Female,Toyota,Previa,1995,2nd Floor,$3201.38,5/30/2025
65,Erinna,Seamans,eseamans1s@dot.gov,Female,Volvo,S60,2013,PO Box 54969,$3307.19,6/3/2025
66,Beverly,Jeacop,bjeacop1t@usgs.gov,Female,Mitsubishi,Mighty Max Macro,1994,Room 1321,$6711.77,5/31/2025
67,Garreth,McPhelimey,gmcphelimey1u@shutterfly.com,Male,Dodge,Dakota,1994,17th Floor,$3667.89,6/2/2025
68,Lief,Gilkison,lgilkison1v@npr.org,Male,Chevrolet,Impala SS,1995,Room 904,$5166.74,6/1/2025
69,Dayle,Grundwater,dgrundwater1w@indiatimes.com,Female,Buick,Lucerne,2007,Room 263,$7929.87,5/30/2025
70,Monique,Santhouse,msanthouse1x@marriott.com,Female,Audi,90,1995,11th Floor,$6759.31,5/30/2025
71,Osbourn,Rollinson,orollinson1y@businessweek.com,Male,Mazda,RX-7,1993,Suite 19,$2176.38,6/2/2025
72,Genni,Rankine,grankine1z@sbwire.com,Female,BMW,X6,2013,8th Floor,$4436.56,5/30/2025
73,Cash,Brisley,cbrisley20@gmpg.org,Male,MINI,Cooper Clubman,2010,Apt 1397,$4920.78,6/1/2025
74,Kent,Kordovani,kkordovani21@facebook.com,Male,Mercedes-Benz,S-Class,2007,18th Floor,$1960.03,6/2/2025
75,Leoine,Clackers,lclackers22@dion.ne.jp,Bigender,Ford,Econoline E150,1995,PO Box 30776,$4288.95,6/1/2025
76,Blanche,Rekes,brekes23@multiply.com,Female,Mazda,Mazda3,2009,Suite 98,$6728.17,6/1/2025
77,Korella,Gravenell,kgravenell24@timesonline.co.uk,Bigender,Volkswagen,Passat,2010,PO Box 73074,$3153.40,6/2/2025
78,Bar,Tolossi,btolossi25@creativecommons.org,Male,Pontiac,Bonneville,1985,14th Floor,$7376.54,6/3/2025
79,Ora,Medgewick,omedgewick26@latimes.com,Female,Dodge,Caravan,2007,Apt 727,$1418.90,6/3/2025
80,Addi,Gealy,agealy27@senate.gov,Female,Chrysler,Town & Country,2011,Room 878,$5980.65,6/3/2025
81,Beatrix,Muzzi,bmuzzi28@zdnet.com,Female,Subaru,Legacy,2011,Suite 12,$4580.38,6/3/2025
82,Gunter,Mithun,gmithun29@yellowbook.com,Male,Toyota,Land Cruiser,2007,12th Floor,$7188.79,5/30/2025
83,Virginia,Halewood,vhalewood2a@unblog.fr,Female,Chevrolet,Avalanche,2010,12th Floor,$4794.05,6/3/2025
84,Alfredo,Howitt,ahowitt2b@howstuffworks.com,Male,Chrysler,Voyager,2002,Suite 6,$5492.77,5/30/2025
85,Allen,Birchenhead,abirchenhead2c@de.vu,Male,Oldsmobile,98,1993,Room 1695,$2111.38,6/2/2025
86,Wylma,Gonoude,wgonoude2d@timesonline.co.uk,Female,Morgan,Aero 8,2009,Room 1451,$4345.38,5/31/2025
87,Dom,Branca,dbranca2e@cnbc.com,Genderfluid,Infiniti,G,1999,PO Box 67928,$8794.42,6/2/2025
88,Ermentrude,Reilingen,ereilingen2f@apple.com,Bigender,Mazda,CX-7,2010,Suite 74,$4336.98,6/3/2025
89,Sherman,Gehricke,sgehricke2g@shareasale.com,Male,Chevrolet,Tahoe,2003,PO Box 67561,$7558.53,6/2/2025
90,Gordan,Mixture,gmixture2h@gov.uk,Male,Infiniti,G,1993,PO Box 46322,$7731.39,5/30/2025
91,Noak,Bauld,nbauld2i@elpais.com,Male,Plymouth,Neon,1998,6th Floor,$3968.48,6/1/2025
92,Sol,Rainer,srainer2j@ow.ly,Male,Infiniti,M,2009,Suite 51,$6991.43,6/1/2025
93,Selle,Jervois,sjervois2k@msn.com,Genderfluid,Scion,tC,2007,Room 1244,$8486.40,6/1/2025
94,Sarene,Galbreath,sgalbreath2l@eepurl.com,Female,Mitsubishi,Lancer,2004,Suite 65,$8338.29,5/30/2025
95,Elora,Hundey,ehundey2m@skyrock.com,Female,Saab,900,1992,Apt 349,$3948.51,6/1/2025
96,Gibb,Moncur,gmoncur2n@nifty.com,Male,Hyundai,Sonata,2001,Room 286,$1679.70,5/31/2025
97,Flint,Wale,fwale2o@360.cn,Male,Chevrolet,G-Series G30,1996,6th Floor,$2593.25,6/1/2025
98,Cameron,Reddie,creddie2p@home.pl,Male,Land Rover,Freelander,2005,Suite 71,$1161.40,5/31/2025
99,Candida,Capewell,ccapewell2q@dot.gov,Female,Lotus,Evora,2011,Suite 65,$7387.27,5/30/2025
100,Maurita,Beesley,mbeesley2r@naver.com,Female,Honda,Pilot,2009,7th Floor,$6958.76,5/31/2025
101,Heda,Poltone,hpoltone2s@usnews.com,Female,GMC,Sierra 1500,2002,Room 1850,$2499.98,5/30/2025
102,Ailsun,Orrock,aorrock2t@meetup.com,Female,Suzuki,Swift,2004,Suite 17,$6505.53,5/31/2025
103,Lester,Reeders,lreeders2u@blogger.com,Male,Volkswagen,Cabriolet,1985,Suite 28,$3938.07,5/31/2025
104,Edin,Paradis,eparadis2v@oaic.gov.au,Female,BMW,M6,2008,Suite 66,$8271.00,5/30/2025
105,Kerianne,Schrader,kschrader2w@mlb.com,Female,Jeep,Cherokee,1998,20th Floor,$9995.12,6/2/2025
106,Germain,Reston,greston2x@netlog.com,Male,Audi,S4,2013,19th Floor,$2086.51,5/30/2025
107,Pennie,Atack,patack2y@cmu.edu,Male,Audi,A8,2011,Suite 1,$1806.79,5/31/2025
108,Roxanne,Uridge,ruridge2z@umn.edu,Female,Mercedes-Benz,M-Class,2010,Room 216,$8818.07,6/3/2025
109,Gabbie,Kuschke,gkuschke30@ox.ac.uk,Male,Plymouth,Laser,1989,Suite 29,$6928.28,5/30/2025
110,Marita,Gladdolph,mgladdolph31@bbc.co.uk,Female,Dodge,Ram Van B150,1992,Apt 1949,$5048.45,6/2/2025
111,Luciano,Martugin,lmartugin32@japanpost.jp,Non-binary,Chevrolet,Suburban 1500,2007,PO Box 60664,$2593.23,5/30/2025
112,Donnamarie,Jerdein,djerdein33@fotki.com,Female,Mitsubishi,Galant,2001,Room 1766,$6326.04,5/31/2025
113,Conrado,Grinsdale,cgrinsdale34@merriam-webster.com,Male,Ford,LTD Crown Victoria,1990,5th Floor,$4022.52,6/2/2025
114,Cinnamon,Vardon,cvardon35@salon.com,Female,Buick,Riviera,1998,Apt 141,$5635.81,6/1/2025
115,Shawnee,Naisey,snaisey36@constantcontact.com,Female,Mazda,626,1995,Room 984,$1060.63,6/2/2025
116,Jackson,Brain,jbrain37@bloglines.com,Male,Rolls-Royce,Ghost,2012,1st Floor,$3824.05,6/3/2025
117,Marybelle,Gierek,mgierek38@amazon.co.jp,Female,Ford,Edge,2008,PO Box 17995,$3404.24,5/30/2025
118,Janessa,McDavitt,jmcdavitt39@japanpost.jp,Female,Saab,900,1992,16th Floor,$3059.01,6/2/2025
119,Helsa,Millery,hmillery3a@blogger.com,Female,Porsche,Boxster,2008,Room 62,$3843.04,6/3/2025
120,Em,Alban,ealban3b@com.com,Female,Volkswagen,GTI,2010,Apt 1517,$3183.09,6/1/2025
121,Emelen,Flook,eflook3c@google.fr,Male,Volvo,V50,2009,Apt 1797,$3759.09,5/30/2025
122,Valerie,Hannah,vhannah3d@twitpic.com,Female,Ford,Probe,1991,Room 1018,$7609.76,5/30/2025
123,Garald,Hischke,ghischke3e@mtv.com,Male,Acura,Legend,1995,Apt 1971,$9066.41,6/1/2025
124,Lisbeth,Prattin,lprattin3f@unc.edu,Female,Toyota,Prius,2012,Apt 1546,$6511.50,6/3/2025
125,Bone,Wayon,bwayon3g@newyorker.com,Male,Volkswagen,Touareg,2005,Suite 4,$1867.17,6/1/2025
126,Gunilla,Winnister,gwinnister3h@toplist.cz,Female,Volkswagen,GTI,1990,PO Box 38578,$9723.19,5/31/2025
127,Lynnet,Gligoraci,lgligoraci3i@forbes.com,Female,Nissan,Sentra,1994,Apt 1416,$2233.68,6/2/2025
128,Isobel,D'Elias,idelias3j@timesonline.co.uk,Female,Volkswagen,Cabriolet,2001,Apt 978,$5566.73,6/3/2025
129,Emili,Sillitoe,esillitoe3k@barnesandnoble.com,Female,Subaru,Forester,2011,PO Box 83068,$4940.29,5/30/2025
130,Byrom,Crossman,bcrossman3l@tripod.com,Male,Dodge,Ram 2500 Club,1999,Apt 1868,$5147.21,6/2/2025
131,Filip,Stoner,fstoner3m@spotify.com,Male,Ford,Excursion,2001,Room 793,$3595.84,6/2/2025
132,Glenda,Causton,gcauston3n@slideshare.net,Female,Kia,Rio,2009,8th Floor,$9512.70,6/2/2025
133,Meyer,Skarin,mskarin3o@ning.com,Male,Spyker,C8 Spyder,2004,Suite 43,$3674.44,5/30/2025
134,Torin,Jenman,tjenman3p@histats.com,Male,Mercedes-Benz,S-Class,1988,Suite 43,$1318.80,6/2/2025
135,Vivyanne,Hunnam,vhunnam3q@mapquest.com,Polygender,Cadillac,Escalade,2003,Apt 1559,$3913.29,6/3/2025
136,Bellanca,Riddeough,briddeough3r@dagondesign.com,Female,Mercedes-Benz,SLR McLaren,2005,9th Floor,$7276.71,6/1/2025
137,Boycey,Hindrick,bhindrick3s@storify.com,Male,Chevrolet,G-Series 1500,1996,15th Floor,$2031.55,6/3/2025
138,My,Oene,moene3t@miitbeian.gov.cn,Male,Audi,100,1993,Room 1209,$3311.39,6/1/2025
139,Emmett,Rosenblum,erosenblum3u@google.com.hk,Male,Chrysler,Cirrus,1996,Suite 90,$6750.47,6/2/2025
140,Michele,Warriner,mwarriner3v@nasa.gov,Male,Chrysler,Concorde,1994,Apt 1936,$9189.87,5/30/2025
141,Cynthea,Garley,cgarley3w@lulu.com,Female,Nissan,Frontier,2005,PO Box 31621,$4928.31,6/3/2025
142,Gibbie,Costley,gcostley3x@nba.com,Male,Cadillac,DeVille,2004,Room 1870,$4083.69,6/3/2025
143,Francois,Pawlick,fpawlick3y@edublogs.org,Male,Volkswagen,GTI,1996,Room 1725,$8078.79,6/3/2025
144,Emmit,Macewan,emacewan3z@simplemachines.org,Male,Audi,A3,2007,Apt 394,$5466.94,6/3/2025
145,Carlotta,Roly,croly40@slideshare.net,Female,Dodge,Ram Van 3500,2001,13th Floor,$1355.12,6/3/2025
146,Worth,Lambert-Ciorwyn,wlambertciorwyn41@weebly.com,Male,Chevrolet,Silverado 2500,2009,PO Box 4733,$8131.51,6/1/2025
147,Ginevra,Schuler,gschuler42@mysql.com,Agender,Chrysler,Town & Country,2005,Apt 273,$4064.23,5/31/2025
148,Tod,Wyllcocks,twyllcocks43@imgur.com,Male,Pontiac,Trans Sport,1998,Suite 59,$6711.73,5/31/2025
149,Web,Moston,wmoston44@unicef.org,Genderqueer,Maserati,430,1991,20th Floor,$2077.08,5/30/2025
150,Rochette,Fellnee,rfellnee45@mysql.com,Female,Lexus,SC,2005,2nd Floor,$5497.51,5/31/2025
151,Ailina,Jellybrand,ajellybrand46@taobao.com,Female,Ford,F-Series,1989,Apt 842,$8405.67,6/2/2025
152,Birdie,Riordan,briordan47@soup.io,Female,Mercedes-Benz,300SE,1992,Suite 47,$3885.28,6/1/2025
153,Barnabe,Goodfellow,bgoodfellow48@go.com,Male,Dodge,Intrepid,1999,Suite 48,$4359.07,5/31/2025
154,Randee,Blackden,rblackden49@de.vu,Female,Jaguar,XJ Series,2000,PO Box 10840,$4512.28,6/2/2025
155,Chariot,Shellibeer,cshellibeer4a@mapy.cz,Male,Ford,F-Series,2005,6th Floor,$3216.21,5/30/2025
156,Eugenio,Huzzay,ehuzzay4b@gov.uk,Male,Chevrolet,Metro,1999,Suite 92,$4420.11,6/2/2025
157,Alica,Bloyes,abloyes4c@tiny.cc,Female,Lotus,Esprit,1993,Suite 94,$5095.72,6/3/2025
158,Travis,Regenhardt,tregenhardt4d@woothemes.com,Male,Chevrolet,Cobalt SS,2008,Suite 3,$7404.06,6/3/2025
159,Malissia,Derrett,mderrett4e@smh.com.au,Female,Nissan,370Z,2010,Apt 1312,$1773.10,5/30/2025
160,Elinor,Bremmell,ebremmell4f@ucsd.edu,Female,Ford,E-Series,2005,Room 622,$1433.51,6/2/2025
161,Ashton,Mawdsley,amawdsley4g@tripadvisor.com,Male,Buick,Regal,2003,Apt 1647,$9131.03,6/2/2025
162,Nedda,Christoforou,nchristoforou4h@state.gov,Female,Honda,CR-Z,2011,Apt 1303,$5120.09,6/2/2025
163,Waite,Swinglehurst,wswinglehurst4i@statcounter.com,Male,Chevrolet,SSR,2003,Suite 31,$1971.40,6/2/2025
164,Malva,Wholesworth,mwholesworth4j@tamu.edu,Female,Pontiac,Grand Am,1988,4th Floor,$7027.26,6/1/2025
165,Andre,Percy,apercy4k@sun.com,Male,GMC,Vandura 3500,1992,PO Box 83787,$9862.30,6/1/2025
166,Courtenay,Bowich,cbowich4l@latimes.com,Genderfluid,Infiniti,FX,2008,Apt 126,$7658.35,6/2/2025
167,Ginevra,Alberti,galberti4m@mac.com,Bigender,Chevrolet,Camaro,2000,5th Floor,$1153.72,6/3/2025
168,Sayers,Greaves,sgreaves4n@jimdo.com,Male,Ford,F150,1997,1st Floor,$8485.40,6/3/2025
169,Curran,Tother,ctother4o@t.co,Male,Hyundai,Elantra,2004,Apt 135,$1063.89,6/1/2025
170,Friederike,Quipp,fquipp4p@forbes.com,Female,Saab,900,1994,PO Box 17675,$9699.30,5/30/2025
171,Ilyse,Draysey,idraysey4q@freewebs.com,Female,Lexus,IS,2008,Room 242,$9153.19,6/2/2025
172,Galina,Ivanov,givanov4r@bing.com,Female,Ford,Fusion,2006,Apt 283,$1633.78,6/3/2025
173,Dmitri,Caplis,dcaplis4s@webs.com,Male,Chevrolet,Astro,2005,Room 1674,$5880.56,6/2/2025
174,Carmella,Gladdolph,cgladdolph4t@plala.or.jp,Female,Mazda,RX-8,2008,PO Box 69103,$2398.25,5/30/2025
175,Bendick,Nairne,bnairne4u@themeforest.net,Male,Lexus,GS,2009,PO Box 48615,$8770.19,5/30/2025
176,Maggee,Chillcot,mchillcot4v@google.ru,Female,Toyota,Sequoia,2010,Apt 1387,$9674.91,6/1/2025
177,Mignon,Rodbourne,mrodbourne4w@bloomberg.com,Female,Isuzu,Ascender,2007,Suite 86,$5578.40,6/3/2025
178,Valdemar,Rappoport,vrappoport4x@typepad.com,Genderqueer,Volvo,C70,2001,PO Box 40125,$6631.83,6/3/2025
179,Arvy,Barlow,abarlow4y@shop-pro.jp,Male,Infiniti,G37,2012,Room 1203,$9388.14,6/1/2025
180,Gay,Crossdale,gcrossdale4z@telegraph.co.uk,Female,Mazda,CX-9,2008,Suite 52,$9547.61,6/2/2025
181,Oliver,Bateup,obateup50@twitpic.com,Male,Mitsubishi,Galant,1987,Apt 554,$4345.04,5/30/2025
182,Faith,Le Batteur,flebatteur51@i2i.jp,Female,Buick,LeSabre,2005,Room 1134,$6643.15,6/3/2025
183,Ly,Lemmens,llemmens52@reverbnation.com,Genderqueer,Ford,F250,2009,Apt 1351,$2866.59,5/31/2025
184,Grete,Loan,gloan53@shutterfly.com,Female,Volkswagen,rio,2002,17th Floor,$4883.37,6/1/2025
185,Natal,Dolley,ndolley54@marriott.com,Male,Chevrolet,Astro,1993,Suite 26,$9912.27,6/3/2025
186,Delmor,Bottomer,dbottomer55@networksolutions.com,Male,Aston Martin,Virage,2011,Apt 29,$4770.60,6/3/2025
187,Wain,McCleverty,wmccleverty56@php.net,Male,Mazda,Protege,2002,PO Box 754,$7479.06,5/30/2025
188,Alisha,Vanstone,avanstone57@cyberchimps.com,Female,GMC,Sierra 1500,2006,PO Box 21441,$7190.47,6/2/2025
189,Anna-diana,Laird,alaird58@independent.co.uk,Female,Chevrolet,Traverse,2009,Apt 116,$7151.26,6/2/2025
190,Tisha,McPolin,tmcpolin59@ucla.edu,Female,Mazda,Mazda3,2011,PO Box 66899,$5783.99,5/30/2025
191,Robin,Cubbino,rcubbino5a@cnbc.com,Male,Honda,Odyssey,1998,PO Box 87783,$2615.72,6/3/2025
192,Tuesday,Huscroft,thuscroft5b@geocities.jp,Female,Ford,E250,2010,Suite 47,$2869.42,6/1/2025
193,Chadd,Pendered,cpendered5c@icio.us,Male,Lexus,LS,1996,Room 1609,$5978.15,5/31/2025
194,Dalenna,Sagar,dsagar5d@about.me,Female,Honda,Passport,1994,Suite 28,$9063.13,6/2/2025
195,Gerick,Zamboniari,gzamboniari5e@blogspot.com,Male,Bentley,Continental GTC,2011,Apt 1122,$1737.52,5/31/2025
196,Christabella,Hartridge,chartridge5f@toplist.cz,Female,Ford,Explorer Sport,2003,4th Floor,$7301.49,6/3/2025
197,Cherye,Welfare,cwelfare5g@drupal.org,Genderfluid,Lexus,ES,1990,PO Box 7558,$3656.66,5/31/2025
198,Umberto,Rasell,urasell5h@fc2.com,Male,Isuzu,Trooper,1997,PO Box 74944,$6444.51,6/1/2025
199,Bail,Deave,bdeave5i@homestead.com,Male,Toyota,4Runner,1993,Suite 46,$8861.40,5/31/2025
200,Orelie,Mowen,omowen5j@jugem.jp,Female,Mercedes-Benz,E-Class,2009,4th Floor,$4439.04,6/3/2025
201,Duffy,Creeboe,dcreeboe5k@vistaprint.com,Polygender,GMC,Vandura 3500,1994,Apt 1423,$6686.97,5/31/2025
202,Pascale,Frain,pfrain5l@php.net,Male,BMW,Z4 M,2009,Suite 26,$5337.41,5/30/2025
203,Wallas,Maffiotti,wmaffiotti5m@webnode.com,Male,Chevrolet,Silverado 3500,2006,Apt 880,$5438.85,5/30/2025
204,Celeste,Riediger,criediger5n@furl.net,Agender,Volvo,850,1997,PO Box 34718,$8034.58,6/3/2025
205,Saudra,Beckitt,sbeckitt5o@sphinn.com,Female,Toyota,Celica,1995,Apt 1337,$8739.36,5/30/2025
206,Arline,Thorpe,athorpe5p@google.cn,Female,Ford,F-Series Super Duty,2010,Apt 276,$9023.92,6/3/2025
207,Nappy,Paoletti,npaoletti5q@va.gov,Male,BMW,X5 M,2012,7th Floor,$9446.55,5/31/2025
208,Vic,Heister,vheister5r@nba.com,Male,Honda,Civic,1980,Apt 48,$2139.78,5/31/2025
209,Ad,Golt,agolt5s@hibu.com,Male,Cadillac,Escalade ESV,2009,Apt 270,$1594.94,5/30/2025
210,Odell,Cowpe,ocowpe5t@columbia.edu,Male,Buick,Rendezvous,2005,Room 320,$6537.42,6/1/2025
211,Cordie,Berens,cberens5u@shinystat.com,Male,Toyota,Camry,2004,Room 1685,$7100.78,5/30/2025
212,Leela,O'Connor,loconnor5v@intel.com,Female,Mitsubishi,Diamante,1998,Apt 1431,$6730.86,5/31/2025
213,Bonnie,Halmkin,bhalmkin5w@microsoft.com,Female,Audi,S8,2008,Room 1144,$8019.55,5/30/2025
214,Heall,Ingleson,hingleson5x@ucoz.com,Male,Saturn,Ion,2003,PO Box 96138,$7073.95,6/3/2025
215,Walther,Cicutto,wcicutto5y@webeden.co.uk,Male,Chevrolet,Cavalier,1994,PO Box 88923,$8800.68,5/30/2025
216,Isabeau,Vondra,ivondra5z@census.gov,Female,Porsche,944,1984,Room 747,$7836.31,6/2/2025
217,Karmen,Joriot,kjoriot60@opensource.org,Female,Saab,9-3,2011,Room 1117,$4708.62,6/2/2025
218,Kendell,Seckington,kseckington61@tamu.edu,Male,Chevrolet,Camaro,1973,Apt 886,$5736.39,5/31/2025
219,Ailyn,Vitler,avitler62@alexa.com,Female,Pontiac,Parisienne,1985,1st Floor,$9413.93,5/31/2025
220,Jaquith,Jirieck,jjirieck63@alexa.com,Female,Toyota,Tacoma Xtra,2002,PO Box 70853,$7009.24,6/3/2025
221,Bea,O'Hickey,bohickey64@wikimedia.org,Female,Lotus,Esprit,1996,PO Box 14291,$9651.98,6/1/2025
222,Carma,Duckett,cduckett65@pagesperso-orange.fr,Female,Lexus,LS,1991,PO Box 94691,$1522.39,5/31/2025
223,Allyce,Brennen,abrennen66@vk.com,Female,Chevrolet,2500,1996,Apt 1671,$7170.17,5/30/2025
224,Susan,Reinger,sreinger67@mit.edu,Female,Lexus,SC,1992,PO Box 18123,$7060.18,5/31/2025
225,Deeyn,Kleingrub,dkleingrub68@dyndns.org,Female,Honda,CR-V,2000,Suite 9,$1153.19,6/1/2025
226,Lemmie,Ambler,lambler69@cloudflare.com,Male,Hyundai,Sonata,2009,Apt 866,$7895.56,6/3/2025
227,Emlen,Petasch,epetasch6a@usda.gov,Male,Toyota,4Runner,2003,Apt 815,$5310.14,6/3/2025
228,Georgy,Lukianov,glukianov6b@aol.com,Male,Buick,LeSabre,1994,Room 7,$1913.12,5/31/2025
229,Jerrie,Greenslade,jgreenslade6c@tripod.com,Female,Porsche,Cayenne,2013,Room 849,$6125.22,6/3/2025
230,Reinwald,Nurcombe,rnurcombe6d@ihg.com,Male,Ford,Ranger,1990,Apt 1376,$4818.44,5/30/2025
231,Perri,Millar,pmillar6e@t.co,Genderqueer,Kia,Forte,2011,Apt 1280,$3225.14,6/2/2025
232,Nadia,Pinchbeck,npinchbeck6f@amazonaws.com,Female,Lexus,RX,1999,Apt 1162,$6064.15,6/1/2025
233,Vivyanne,Ivashintsov,vivashintsov6g@indiatimes.com,Female,Lexus,SC,1993,Suite 93,$8785.19,6/2/2025
234,Rudolfo,Titman,rtitman6h@businessinsider.com,Male,Volkswagen,Phaeton,2004,PO Box 27577,$2723.24,5/31/2025
235,Trenton,Stolli,tstolli6i@barnesandnoble.com,Male,Dodge,Intrepid,2000,PO Box 59948,$1007.24,6/1/2025
236,Gregory,Dunthorn,gdunthorn6j@geocities.jp,Male,Volkswagen,Type 2,1986,6th Floor,$9164.51,6/1/2025
237,Cissy,Cuzen,ccuzen6k@163.com,Female,Pontiac,LeMans,1989,PO Box 82158,$2035.10,6/3/2025
238,Towney,Northcote,tnorthcote6l@123-reg.co.uk,Male,Mercedes-Benz,C-Class,1995,Room 450,$3363.41,5/30/2025
239,Emery,Carnegie,ecarnegie6m@engadget.com,Genderqueer,Toyota,Solara,2000,7th Floor,$3006.38,6/1/2025
240,Xerxes,Woodes,xwoodes6n@addthis.com,Male,Lincoln,Navigator,2011,16th Floor,$7111.48,6/2/2025
241,Alfredo,Perfect,aperfect6o@about.com,Male,Toyota,Highlander,2007,PO Box 38233,$3076.96,6/1/2025
242,Tuckie,Gaskill,tgaskill6p@army.mil,Male,Volvo,C70,2003,Room 1053,$8184.54,6/1/2025
243,Tiebold,Stroulger,tstroulger6q@bluehost.com,Male,Mercury,Mariner,2006,PO Box 79409,$5405.30,6/2/2025
244,Juline,Boothroyd,jboothroyd6r@imdb.com,Female,Mercedes-Benz,W201,1985,Apt 656,$5005.71,6/2/2025
245,Sibel,Grzeskowski,sgrzeskowski6s@marriott.com,Female,BMW,5 Series,2002,Room 75,$1739.67,6/3/2025
246,Frannie,Klimpke,fklimpke6t@businessweek.com,Male,Pontiac,Montana,2001,PO Box 3630,$3995.88,6/3/2025
247,Pattie,Routledge,proutledge6u@shareasale.com,Female,Toyota,Prius,2011,Room 283,$5071.10,5/30/2025
248,Wiley,Buddell,wbuddell6v@guardian.co.uk,Male,Ford,E-Series,2002,PO Box 46036,$3951.39,6/1/2025
249,Van,Eckford,veckford6w@php.net,Female,Mitsubishi,Pajero,2005,Room 89,$3132.65,6/3/2025
250,Eleanore,Olphert,eolphert6x@mapquest.com,Female,BMW,7 Series,2012,PO Box 2199,$3160.41,6/1/2025
251,Wilmer,Kleewein,wkleewein6y@webnode.com,Male,Buick,Riviera,1997,Apt 262,$3519.49,6/1/2025
252,Ford,Morsom,fmorsom6z@opera.com,Male,Porsche,Boxster,2004,Apt 1478,$5404.14,6/2/2025
253,Helen,Deavin,hdeavin70@amazon.co.uk,Bigender,Kia,Sorento,2005,Suite 12,$7002.34,5/30/2025
254,Quintana,Scibsey,qscibsey71@adobe.com,Female,GMC,Safari,1993,Suite 33,$4828.21,5/30/2025
255,Aurel,Hundal,ahundal72@kickstarter.com,Female,Ford,Escort,1996,Suite 87,$9494.25,6/3/2025
256,Gabey,Hallihan,ghallihan73@usgs.gov,Female,Chevrolet,Corvette,1955,Suite 47,$8780.01,6/1/2025
257,Gigi,Learmonth,glearmonth74@google.com.au,Female,Chevrolet,Camaro,1979,Suite 97,$1627.62,6/3/2025
258,Padraig,Justham,pjustham75@is.gd,Male,Pontiac,Tempest,1966,Suite 3,$8839.02,6/1/2025
259,Walton,Greenroad,wgreenroad76@vimeo.com,Male,Dodge,Dakota Club,2007,Apt 1383,$5118.17,5/30/2025
260,Branden,Ferrone,bferrone77@github.com,Male,Toyota,Avalon,1999,Suite 29,$8257.27,5/30/2025
261,Nannette,Abisetti,nabisetti78@yelp.com,Female,Mitsubishi,Lancer Evolution,2010,Apt 1937,$9491.11,6/3/2025
262,Risa,Purle,rpurle79@fastcompany.com,Polygender,MINI,Countryman,2011,Room 509,$7440.54,6/1/2025
263,Huey,Burgill,hburgill7a@quantcast.com,Male,Volkswagen,riolet,1993,2nd Floor,$4443.41,6/1/2025
264,Orsola,Druery,odruery7b@umich.edu,Female,Nissan,370Z,2010,Apt 1669,$9669.27,6/3/2025
265,Heinrick,Fraschini,hfraschini7c@smh.com.au,Male,Subaru,Forester,1998,Room 191,$5077.18,6/2/2025
266,Lynett,Ellaman,lellaman7d@webs.com,Polygender,Mitsubishi,Pajero,1998,17th Floor,$5863.14,6/3/2025
267,Peg,Coughan,pcoughan7e@msu.edu,Female,Buick,Lucerne,2006,Suite 21,$7284.17,6/3/2025
268,Donni,Duckinfield,dduckinfield7f@un.org,Female,Acura,NSX,2002,Room 1443,$1249.38,6/3/2025
269,Tallia,Yerlett,tyerlett7g@google.ru,Female,Suzuki,X-90,1997,Suite 92,$4010.17,6/2/2025
270,Rabi,Petroulis,rpetroulis7h@nymag.com,Male,Mercedes-Benz,E-Class,2007,PO Box 47532,$2018.54,6/2/2025
271,Eleni,Wheildon,ewheildon7i@comcast.net,Female,Ferrari,612 Scaglietti,2009,Suite 90,$1881.60,5/30/2025
272,Eartha,Seer,eseer7j@booking.com,Non-binary,Honda,Odyssey,2008,Room 686,$5891.44,5/31/2025
273,Shanon,Ledamun,sledamun7k@comsenz.com,Female,Mazda,MX-5,1998,Room 1524,$4638.85,6/2/2025
274,Misha,Andersen,mandersen7l@macromedia.com,Female,Infiniti,QX,2008,Suite 91,$9084.35,5/31/2025
275,Viv,Goldfinch,vgoldfinch7m@etsy.com,Female,Geo,Storm,1993,Room 248,$4906.58,5/31/2025
276,Cacilie,O'Lochan,colochan7n@cloudflare.com,Female,Chrysler,Town & Country,1996,Room 773,$8764.33,6/3/2025
277,Chrotoem,Kent,ckent7o@ftc.gov,Male,Nissan,Maxima,2001,Suite 93,$2042.53,5/31/2025
278,Webster,Gisburn,wgisburn7p@about.com,Male,Ford,Explorer Sport,2001,Room 1277,$4740.93,6/2/2025
279,Mozelle,Milan,mmilan7q@amazonaws.com,Female,Ford,F-Series,1988,PO Box 49481,$7742.38,5/31/2025
280,Charleen,Wilby,cwilby7r@amazon.co.jp,Female,Subaru,Impreza,2000,Apt 1267,$1322.64,6/1/2025
281,Griswold,Ewart,gewart7s@wiley.com,Bigender,BMW,6 Series,2007,PO Box 3552,$4793.91,6/3/2025
282,Alleyn,Vila,avila7t@reverbnation.com,Male,Ford,Explorer,1999,Suite 40,$9510.07,6/1/2025
283,Isaiah,Peetermann,ipeetermann7u@time.com,Male,Chevrolet,Impala,2006,Suite 96,$5087.98,6/1/2025
284,Warner,Waldren,wwaldren7v@reference.com,Male,Ford,Escort,1986,PO Box 17228,$8118.84,6/3/2025
285,Etheline,Feakins,efeakins7w@woothemes.com,Female,Suzuki,Kizashi,2010,Suite 29,$3589.93,6/2/2025
286,Anetta,Hrishchenko,ahrishchenko7x@auda.org.au,Female,Chevrolet,Silverado,2006,Room 35,$2921.38,6/1/2025
287,Tammi,Bebb,tbebb7y@fotki.com,Female,Dodge,Ram Van 2500,2002,Room 1870,$7393.06,5/30/2025
288,Dina,Dmtrovic,ddmtrovic7z@vimeo.com,Female,Chevrolet,Blazer,2004,Apt 358,$9033.02,5/31/2025
289,Babbette,Hayller,bhayller80@canalblog.com,Female,Toyota,Sienna,2000,4th Floor,$9765.59,6/3/2025
290,Filberto,Towell,ftowell81@51.la,Male,Mercury,Capri,1984,Apt 1411,$5157.16,5/31/2025
291,Calida,Lowry,clowry82@addthis.com,Female,Chevrolet,Tahoe,2000,2nd Floor,$9843.56,6/2/2025
292,Augusta,Casterton,acasterton83@zdnet.com,Polygender,Toyota,Corolla,2003,Apt 1745,$1019.59,6/1/2025
293,Glenden,Asch,gasch84@altervista.org,Male,Mitsubishi,Pajero,1986,Apt 1492,$6639.06,6/1/2025
294,Leodora,Dulson,ldulson85@bravesites.com,Female,Oldsmobile,Silhouette,1999,Suite 83,$5524.79,6/1/2025
295,Sandor,Dunster,sdunster86@unicef.org,Male,Infiniti,QX,1997,Room 584,$5449.18,6/3/2025
296,Charissa,Giotto,cgiotto87@ft.com,Female,Plymouth,Colt,1992,Apt 236,$1704.36,6/1/2025
297,Everett,Storrier,estorrier88@abc.net.au,Male,Lexus,GS,2009,PO Box 9081,$4445.22,5/31/2025
298,Hildy,Gosnall,hgosnall89@mayoclinic.com,Female,Buick,LeSabre,2004,PO Box 67120,$6474.33,5/30/2025
299,Chen,Draysey,cdraysey8a@msu.edu,Male,Lexus,LX,2007,Suite 56,$9617.72,5/30/2025
300,Giff,Stansell,gstansell8b@mayoclinic.com,Male,Ford,F150,2008,Room 427,$7609.28,5/31/2025
301,Bartlet,Osban,bosban8c@myspace.com,Male,Chevrolet,Colorado,2009,Apt 1993,$7738.50,5/30/2025
302,Silas,Smaridge,ssmaridge8d@nsw.gov.au,Male,Ford,Contour,1996,7th Floor,$9445.07,6/1/2025
303,Bert,Busch,bbusch8e@nba.com,Female,Cadillac,Eldorado,1998,Apt 1397,$7111.16,6/3/2025
304,Reube,Ricardot,rricardot8f@sogou.com,Genderqueer,GMC,Savana 2500,2010,Room 1792,$5821.54,6/2/2025
305,Chrysa,Desport,cdesport8g@wunderground.com,Female,MINI,Countryman,2012,Suite 89,$2465.89,6/3/2025
306,Noemi,Eric,neric8h@ucla.edu,Female,Geo,Metro,1994,Suite 13,$8714.48,6/2/2025
307,Marlie,Truelove,mtruelove8i@goodreads.com,Female,Saab,9-5,2001,Suite 75,$6408.53,6/2/2025
308,Adel,Garry,agarry8j@cloudflare.com,Agender,Volvo,960,1997,Suite 53,$3731.79,6/1/2025
309,Dionysus,Cresar,dcresar8k@ted.com,Male,Subaru,Forester,2007,PO Box 46678,$8537.96,6/3/2025
310,Alica,Quilty,aquilty8l@blogger.com,Female,Mercedes-Benz,CLK-Class,2001,Suite 57,$8081.54,5/31/2025
311,Tadeas,Cavey,tcavey8m@ucoz.ru,Male,Hyundai,Sonata,2007,PO Box 81759,$6608.19,6/1/2025
312,Ramsay,Newhouse,rnewhouse8n@networksolutions.com,Male,Acura,RL,2008,Room 1825,$5402.99,6/1/2025
313,Helaine,Filippozzi,hfilippozzi8o@ox.ac.uk,Genderqueer,Cadillac,Escalade ESV,2006,PO Box 39890,$9539.54,5/30/2025
314,Sascha,Towers,stowers8p@paginegialle.it,Male,Toyota,Solara,2006,Apt 735,$2090.29,6/1/2025
315,Ambrosio,MacGill,amacgill8q@hao123.com,Male,Mitsubishi,Galant,2009,PO Box 99875,$5192.91,6/1/2025
316,Pail,Norssister,pnorssister8r@xrea.com,Polygender,Volkswagen,New Beetle,2007,Suite 76,$2828.34,6/2/2025
317,Hogan,Dack,hdack8s@mtv.com,Non-binary,Chevrolet,2500,1999,Room 1132,$7868.34,6/2/2025
318,Stephen,Guillford,sguillford8t@1688.com,Male,Jaguar,XK Series,2013,PO Box 35728,$2054.39,6/3/2025
319,Clarice,Keyte,ckeyte8u@msu.edu,Female,Mercedes-Benz,C-Class,1996,Room 1397,$1362.84,6/2/2025
320,Aldridge,Dudny,adudny8v@ibm.com,Male,Volkswagen,Jetta,2001,Apt 1282,$9312.82,5/31/2025
321,Arvy,Bettleson,abettleson8w@goo.ne.jp,Male,Audi,4000s,1986,PO Box 31948,$9258.84,5/30/2025
322,Maitilde,Capelin,mcapelin8x@europa.eu,Female,Honda,Prelude,1996,Room 1867,$1889.38,6/3/2025
323,Leonore,Domegan,ldomegan8y@nifty.com,Female,Chrysler,Prowler,2001,Apt 1009,$4075.79,6/1/2025
324,Pauline,Cains,pcains8z@webeden.co.uk,Bigender,Ford,EXP,1987,10th Floor,$7612.54,6/3/2025
325,Mortimer,Ivanchov,mivanchov90@yellowbook.com,Male,Mercury,Villager,1994,Room 269,$8447.11,5/31/2025
326,Ardelia,Headly,aheadly91@latimes.com,Female,Buick,Terraza,2007,PO Box 14880,$5340.93,5/31/2025
327,Maureene,O'Griffin,mogriffin92@wordpress.com,Female,Chevrolet,Suburban 2500,1993,5th Floor,$8667.30,6/3/2025
328,Lauritz,Tesdale,ltesdale93@uiuc.edu,Male,Ford,Crown Victoria,2007,Room 810,$4972.03,6/2/2025
329,Arnoldo,Orehead,aorehead94@webeden.co.uk,Male,Audi,A7,2012,PO Box 23878,$5487.40,5/30/2025
330,Zollie,Grushin,zgrushin95@slashdot.org,Male,Buick,Regal,2003,Apt 1180,$5518.09,6/3/2025
331,Mill,Neate,mneate96@archive.org,Male,Geo,Metro,1997,Apt 1501,$5268.30,6/1/2025
332,Gerrie,Barz,gbarz97@unicef.org,Bigender,Buick,Electra,1985,12th Floor,$1009.87,6/1/2025
333,Lyn,O'Hone,lohone98@nyu.edu,Female,Mercury,Mountaineer,2003,Apt 751,$8344.27,6/3/2025
334,Georgette,Everard,geverard99@bloglovin.com,Female,Chevrolet,Monte Carlo,2000,Apt 1738,$6270.95,6/3/2025
335,Mikkel,Karlolak,mkarlolak9a@slate.com,Male,Dodge,Grand Caravan,2009,Apt 214,$6106.71,6/2/2025
336,Eward,Ioselev,eioselev9b@usatoday.com,Male,BMW,8 Series,1996,Apt 117,$6516.44,5/30/2025
337,Daffie,Zanneli,dzanneli9c@bbc.co.uk,Female,Dodge,Ram 2500,2005,PO Box 99360,$6323.20,5/30/2025
338,Vittorio,Welch,vwelch9d@msu.edu,Male,Ford,Taurus,1998,2nd Floor,$7667.32,5/30/2025
339,Gilberto,MacFaul,gmacfaul9e@hud.gov,Male,Mercedes-Benz,S-Class,2012,Room 762,$5388.64,6/2/2025
340,Tania,Jeays,tjeays9f@nba.com,Female,Jaguar,XK,2010,PO Box 20453,$7727.60,6/2/2025
341,Flo,Olifaunt,folifaunt9g@1und1.de,Female,Dodge,Ram 1500,1997,Room 1579,$4225.22,6/1/2025
342,Mareah,Croxon,mcroxon9h@dedecms.com,Female,Subaru,Forester,2009,Apt 269,$7863.45,6/1/2025
343,Waly,Whewell,wwhewell9i@t-online.de,Female,Ford,Explorer,2004,11th Floor,$4389.67,6/1/2025
344,Duffy,Strettell,dstrettell9j@businessinsider.com,Male,Suzuki,SX4,2011,Suite 3,$9041.98,6/2/2025
345,Ardelis,McLise,amclise9k@csmonitor.com,Female,GMC,2500,1999,Room 1089,$8215.15,6/2/2025
346,Pascale,Esplin,pesplin9l@networksolutions.com,Male,Ford,Expedition,2000,Suite 73,$4241.26,5/31/2025
347,Ode,Zanazzi,ozanazzi9m@marriott.com,Male,Ford,Escort,1988,Apt 77,$3772.38,5/31/2025
348,Connie,Shiel,cshiel9n@moonfruit.com,Female,Mercedes-Benz,E-Class,1996,Suite 21,$2697.03,6/2/2025
349,Karim,Isles,kisles9o@google.pl,Male,Chevrolet,Suburban 2500,1996,Suite 65,$9432.97,6/2/2025
350,Lana,Leas,lleas9p@umn.edu,Female,Plymouth,Prowler,1999,10th Floor,$7773.01,6/1/2025
351,Berty,Werlock,bwerlock9q@theatlantic.com,Male,Ford,F150,2008,Suite 17,$8978.18,6/2/2025
352,Harlan,Purchall,hpurchall9r@spotify.com,Male,Buick,Regal,1989,Room 1336,$6311.96,5/30/2025
353,Ramsey,Klugel,rklugel9s@berkeley.edu,Male,Cadillac,DTS,2011,1st Floor,$2130.71,5/31/2025
354,Claiborne,Comazzo,ccomazzo9t@miibeian.gov.cn,Male,Saturn,L-Series,2001,Apt 133,$7217.12,6/2/2025
355,Palmer,Harrismith,pharrismith9u@scientificamerican.com,Male,Chrysler,Town & Country,2007,20th Floor,$8115.35,6/1/2025
356,Tanny,Carmichael,tcarmichael9v@xrea.com,Male,BMW,M6,2009,20th Floor,$3886.36,6/1/2025
357,Vaughn,McKissack,vmckissack9w@yandex.ru,Male,Lamborghini,Gallardo,2008,Apt 573,$6447.67,6/1/2025
358,Bernette,Smithies,bsmithies9x@engadget.com,Female,Chevrolet,Corvette,2008,Room 136,$7034.70,5/30/2025
359,Donia,Lebreton,dlebreton9y@lycos.com,Female,Chevrolet,Express 3500,1997,PO Box 61497,$3309.07,6/2/2025
360,Stanislas,Greenstead,sgreenstead9z@youtu.be,Male,Toyota,Solara,1999,PO Box 63164,$1601.26,5/31/2025
361,Sheeree,Rowesby,srowesbya0@canalblog.com,Female,Mazda,626,1991,8th Floor,$5566.56,6/1/2025
362,Gussy,Frostdicke,gfrostdickea1@meetup.com,Female,Toyota,RAV4,1996,PO Box 98782,$6197.78,6/2/2025
363,Nanette,Haggus,nhaggusa2@engadget.com,Genderqueer,Porsche,Panamera,2010,Room 1633,$4954.50,5/30/2025
364,Lacey,Peyntue,lpeyntuea3@devhub.com,Female,Toyota,Yaris,2009,Apt 1481,$5371.94,6/1/2025
365,Farica,Hassell,fhassella4@answers.com,Genderqueer,Lincoln,Navigator,2012,Room 69,$2698.37,6/2/2025
366,Marlane,Godridge,mgodridgea5@ebay.co.uk,Female,Mitsubishi,Galant,2000,Suite 27,$3824.87,5/30/2025
367,Ninette,Sarfatti,nsarfattia6@java.com,Female,Mercedes-Benz,E-Class,2006,12th Floor,$1971.49,5/31/2025
368,Timmi,Wigg,twigga7@mysql.com,Female,Chevrolet,Suburban 1500,2000,Room 1864,$8842.40,6/3/2025
369,Dniren,Josef,djosefa8@feedburner.com,Female,Toyota,Tacoma,2012,2nd Floor,$2064.95,6/1/2025
370,Aubry,Watmore,awatmorea9@independent.co.uk,Female,Chevrolet,Avalanche 2500,2002,PO Box 24970,$5764.58,6/3/2025
371,Iggy,Magarrell,imagarrellaa@marriott.com,Male,Saab,900,1994,PO Box 31165,$7422.49,6/2/2025
372,Frankie,Oxenford,foxenfordab@fotki.com,Genderfluid,Nissan,350Z,2009,11th Floor,$6204.73,6/3/2025
373,Ogden,Singyard,osingyardac@prlog.org,Male,Buick,Regal,2012,Suite 94,$8472.37,5/30/2025
374,Zora,Berard,zberardad@ftc.gov,Female,Mitsubishi,Eclipse,2001,Apt 547,$7603.25,5/30/2025
375,Mano,Roma,mromaae@uol.com.br,Male,Mercedes-Benz,S-Class,1992,PO Box 57846,$5046.22,5/31/2025
376,Carolynn,Galway,cgalwayaf@bigcartel.com,Female,Chevrolet,Corvette,1984,Suite 5,$4882.59,5/30/2025
377,Graham,Catt,gcattag@cam.ac.uk,Male,Mercury,Capri,1992,PO Box 67299,$8090.10,6/1/2025
378,Kissie,Cremin,kcreminah@hp.com,Female,Suzuki,Swift,2001,12th Floor,$7925.24,5/30/2025
379,Haley,Karchowski,hkarchowskiai@1und1.de,Female,Toyota,Yaris,2012,Room 1656,$2725.48,6/3/2025
380,Devin,McQuode,dmcquodeaj@constantcontact.com,Male,Dodge,Dakota,1999,PO Box 54426,$6444.11,5/31/2025
381,Irina,Bernadot,ibernadotak@umn.edu,Female,Mercedes-Benz,SLK-Class,2005,Room 660,$8821.01,5/30/2025
382,Lesley,Breming,lbremingal@newsvine.com,Female,Chevrolet,HHR,2008,PO Box 88031,$7554.16,6/1/2025
383,Hayyim,Lanston,hlanstonam@youtube.com,Male,Porsche,968,1992,Room 110,$1520.12,6/3/2025
384,Quinlan,Temple,qtemplean@woothemes.com,Male,Toyota,Celica,1976,PO Box 68018,$8492.53,6/3/2025
385,Harry,Kordt,hkordtao@cisco.com,Male,Subaru,Alcyone SVX,1994,PO Box 7908,$7171.89,6/1/2025
386,Fulton,Parr,fparrap@imgur.com,Male,Audi,TT,2008,3rd Floor,$4860.59,6/3/2025
387,Jim,Shepton,jsheptonaq@example.com,Male,Suzuki,Swift,1992,Room 817,$1572.95,6/2/2025
388,Ade,Sawkin,asawkinar@blogtalkradio.com,Genderfluid,Jeep,Liberty,2011,Suite 99,$5858.23,6/3/2025
389,Alonzo,Edwick,aedwickas@addtoany.com,Male,Maybach,62,2004,5th Floor,$8639.65,5/30/2025
390,Erhard,Bendley,ebendleyat@upenn.edu,Male,Bentley,Mulsanne,2012,15th Floor,$2696.09,5/31/2025
391,Adelina,Brome,abromeau@sourceforge.net,Female,GMC,3500,1993,PO Box 4274,$6154.93,6/1/2025
392,Niel,Duffrie,nduffrieav@unc.edu,Non-binary,Chevrolet,Astro,1996,Suite 18,$4025.46,6/1/2025
393,Benedick,Vaughn,bvaughnaw@economist.com,Male,Daewoo,Lanos,2001,PO Box 56315,$8774.63,5/31/2025
394,Gillian,Agron,gagronax@barnesandnoble.com,Bigender,Chevrolet,Colorado,2009,Room 919,$7580.61,6/1/2025
395,Nixie,Redsull,nredsullay@bloglines.com,Female,Pontiac,Grand Am,2003,17th Floor,$8303.01,5/30/2025
396,Herta,Keune,hkeuneaz@nyu.edu,Female,Chevrolet,Suburban 2500,2002,Room 1474,$2536.57,6/3/2025
397,Hubey,Tunkin,htunkinb0@oaic.gov.au,Agender,Chevrolet,TrailBlazer,2005,Room 403,$8119.66,5/31/2025
398,Linoel,Meaden,lmeadenb1@jigsy.com,Male,Volvo,XC70,2009,PO Box 82272,$5814.63,6/3/2025
399,Averyl,Hartfield,ahartfieldb2@prnewswire.com,Female,Ford,F350,2002,5th Floor,$6278.45,6/3/2025
400,Codi,Casaccio,ccasacciob3@sfgate.com,Bigender,Audi,TT,2011,PO Box 67803,$9348.64,6/2/2025
401,Zeke,Uren,zurenb4@gravatar.com,Male,Mitsubishi,Precis,1994,9th Floor,$2817.71,6/1/2025
402,Juieta,Hulme,jhulmeb5@about.me,Female,Oldsmobile,Cutlass Cruiser,1993,Apt 1455,$6988.97,5/31/2025
403,Karlotte,Gerrish,kgerrishb6@freewebs.com,Female,Rambler,Classic,1963,PO Box 90724,$2161.45,6/2/2025
404,Dickie,Courtese,dcourteseb7@wiley.com,Male,Lexus,GX,2007,Apt 1886,$4088.13,6/1/2025
405,Thebault,Dunphie,tdunphieb8@stumbleupon.com,Male,BMW,X3,2012,5th Floor,$2054.05,6/1/2025
406,Roshelle,Sowrah,rsowrahb9@weibo.com,Female,Chevrolet,Suburban 1500,2006,Apt 563,$6425.71,6/1/2025
407,Auguste,Inchboard,ainchboardba@squarespace.com,Female,Mitsubishi,Challenger,1998,Suite 80,$9651.55,6/3/2025
408,Raynell,Ninnotti,rninnottibb@boston.com,Female,Subaru,Tribeca,2006,PO Box 21547,$8085.59,5/31/2025
409,Casi,Rottgers,crottgersbc@oakley.com,Female,Bentley,Continental,2009,Suite 39,$5853.08,6/3/2025
410,Eldridge,Trynor,etrynorbd@chicagotribune.com,Male,Geo,Prizm,1992,Apt 860,$8940.27,5/31/2025
411,Trude,Farden,tfardenbe@free.fr,Female,Bentley,Brooklands,2010,Apt 401,$8847.42,6/2/2025
412,Ravid,Christiensen,rchristiensenbf@prnewswire.com,Male,Mercedes-Benz,E-Class,1992,PO Box 93652,$6665.48,6/2/2025
413,Bret,Battyll,bbattyllbg@com.com,Male,Mazda,Mazda3,2010,PO Box 32419,$9555.66,6/3/2025
414,Rianon,Seamans,rseamansbh@goo.ne.jp,Female,Hyundai,Tiburon,2005,Room 1355,$6894.28,6/2/2025
415,Kenon,Blythin,kblythinbi@w3.org,Male,Mazda,MPV,1996,Suite 69,$7435.49,5/30/2025
416,Millisent,Pizer,mpizerbj@cbc.ca,Female,Chevrolet,Silverado 3500,2005,PO Box 19469,$4217.45,6/1/2025
417,Steve,MacGaffey,smacgaffeybk@fema.gov,Male,Isuzu,Rodeo,1994,PO Box 42609,$5874.30,6/1/2025
418,Robinet,Chippindale,rchippindalebl@myspace.com,Male,Chevrolet,Express 3500,2003,Room 1522,$6269.68,6/1/2025
419,Saw,Belhome,sbelhomebm@wiley.com,Male,BMW,5 Series,2001,Apt 620,$7561.91,6/3/2025
420,Mariellen,Barbrick,mbarbrickbn@cyberchimps.com,Female,Chevrolet,Silverado 3500,2002,7th Floor,$9630.77,5/31/2025
421,Burr,Cornewall,bcornewallbo@sfgate.com,Male,Volkswagen,Golf,2011,Apt 1203,$1745.15,6/3/2025
422,Gran,Winman,gwinmanbp@clickbank.net,Male,Infiniti,G,1999,PO Box 38175,$7928.91,5/30/2025
423,Suki,Pfeuffer,spfeufferbq@walmart.com,Female,Mitsubishi,Challenger,2004,1st Floor,$1980.77,5/31/2025
424,Deloria,Morrowe,dmorrowebr@histats.com,Female,Foose,Hemisfear,2007,11th Floor,$6579.17,6/3/2025
425,Townsend,Flint,tflintbs@amazon.de,Male,Mazda,CX-9,2007,PO Box 61994,$8920.72,6/3/2025
426,Ricki,Coathup,rcoathupbt@flickr.com,Bigender,Cadillac,SRX,2007,Room 1582,$5367.63,5/31/2025
427,Lindy,Geraldez,lgeraldezbu@nifty.com,Male,Chevrolet,Lumina,1992,Suite 88,$8835.68,5/30/2025
428,Hurlee,Maffione,hmaffionebv@blogtalkradio.com,Male,Acura,RSX,2004,PO Box 57518,$8052.39,5/31/2025
429,Yehudi,Verner,yvernerbw@tripod.com,Male,Mercedes-Benz,C-Class,2005,Room 505,$5991.15,6/1/2025
430,Katinka,Bene,kbenebx@deviantart.com,Agender,Mercury,Tracer,1991,Room 156,$8466.23,5/30/2025
431,Darell,Talmadge,dtalmadgeby@phoca.cz,Female,Honda,Civic,2012,Room 977,$8008.89,6/1/2025
432,Rabbi,Duff,rduffbz@altervista.org,Male,Mercedes-Benz,C-Class,1998,Room 853,$4097.27,6/2/2025
433,Briggs,Spurge,bspurgec0@army.mil,Male,Jeep,Liberty,2002,PO Box 25570,$7094.15,6/1/2025
434,Farra,Purdom,fpurdomc1@soundcloud.com,Female,Mitsubishi,Montero,2006,PO Box 791,$7832.32,5/30/2025
435,Edgardo,Hudless,ehudlessc2@hp.com,Male,Chevrolet,Avalanche 1500,2005,4th Floor,$2431.97,6/2/2025
436,Glynn,Carnell,gcarnellc3@acquirethisname.com,Male,Jeep,Liberty,2002,14th Floor,$5494.60,6/2/2025
437,Whittaker,Goreway,wgorewayc4@ustream.tv,Male,Dodge,Colt,1994,Apt 714,$4378.03,6/3/2025
438,Parsifal,Cosgrive,pcosgrivec5@latimes.com,Male,Saab,9000,1995,Room 1441,$6762.19,5/31/2025
439,Paolina,Shepcutt,pshepcuttc6@wp.com,Female,Aston Martin,V8 Vantage,2008,1st Floor,$3078.27,5/30/2025
440,Isidor,Cosker,icoskerc7@behance.net,Male,Volkswagen,Passat,2000,Room 165,$5811.74,5/30/2025
441,Ansel,Worcs,aworcsc8@google.es,Male,Mercury,Sable,1997,14th Floor,$3089.50,5/31/2025
442,Suzie,Pawlett,spawlettc9@harvard.edu,Female,BMW,Z3,2001,PO Box 96900,$6593.85,6/3/2025
443,Koralle,Yukhnov,kyukhnovca@disqus.com,Female,GMC,Rally Wagon 3500,1994,PO Box 26365,$6907.42,6/2/2025
444,Hugh,Daniell,hdaniellcb@usda.gov,Male,Chrysler,Pacifica,2008,PO Box 26217,$4247.92,6/3/2025
445,Gilberto,Teek,gteekcc@dropbox.com,Male,Audi,A4,2003,Room 115,$6454.41,6/3/2025
446,Poul,Stilliard,pstilliardcd@cargocollective.com,Male,Dodge,Ram 1500,2006,12th Floor,$5558.67,5/31/2025
447,Eva,Oade,eoadece@boston.com,Female,Lexus,LX,2007,Apt 986,$7733.29,5/30/2025
448,Siouxie,ducarme,sducarmecf@eventbrite.com,Female,Ford,Econoline E350,1997,Suite 44,$9466.60,6/2/2025
449,Erie,Pariso,eparisocg@vimeo.com,Male,Cadillac,DeVille,2002,Suite 20,$9794.86,5/30/2025
450,Windham,Vanne,wvannech@ow.ly,Male,Lexus,SC,2008,Suite 1,$6442.47,6/1/2025
451,Diann,Brandel,dbrandelci@a8.net,Female,Saab,900,1996,PO Box 66523,$4003.19,6/2/2025
452,Kore,Tunsley,ktunsleycj@phpbb.com,Female,Dodge,Charger,1968,Apt 141,$1524.21,6/2/2025
453,Lewie,McKeighen,lmckeighenck@webnode.com,Male,MINI,Clubman,2009,Room 610,$8568.79,5/31/2025
454,Ranna,Franscioni,rfranscionicl@privacy.gov.au,Female,Lincoln,Continental Mark VII,1986,PO Box 40642,$7429.43,6/2/2025
455,Aprilette,Cobbing,acobbingcm@elpais.com,Female,Mercedes-Benz,500SL,1993,PO Box 34509,$9535.23,6/3/2025
456,Marcello,Mansel,mmanselcn@paypal.com,Male,Pontiac,GTO,1967,Room 760,$4212.68,6/3/2025
457,Devlen,Jeannard,djeannardco@census.gov,Male,Ford,E-Series,1963,PO Box 47599,$7221.47,5/31/2025
458,Emyle,Crosetti,ecrosetticp@army.mil,Bigender,BMW,8 Series,1997,Apt 1385,$4111.36,6/2/2025
459,Electra,Winfred,ewinfredcq@themeforest.net,Female,Chrysler,Concorde,1999,Room 276,$5967.00,5/31/2025
460,Reggie,Bleything,rbleythingcr@csmonitor.com,Male,GMC,Sierra 2500,2011,11th Floor,$6571.14,6/1/2025
461,Tedmund,Caseri,tcaserics@bloglovin.com,Male,Chevrolet,HHR,2008,PO Box 70923,$1719.82,6/1/2025
462,Darwin,Colombier,dcolombierct@virginia.edu,Bigender,Kia,Rondo,2007,12th Floor,$8506.59,5/31/2025
463,Constantino,Moen,cmoencu@wordpress.org,Male,Dodge,Journey,2012,Room 263,$6350.45,6/1/2025
464,Hyman,Moules,hmoulescv@altervista.org,Male,Mitsubishi,Eclipse,2007,Suite 55,$2867.70,6/1/2025
465,Yurik,Francais,yfrancaiscw@nbcnews.com,Male,Lamborghini,Murci√©lago,2008,PO Box 7266,$9446.82,6/2/2025
466,Catlaina,Whithorn,cwhithorncx@plala.or.jp,Female,GMC,Sierra 1500,2010,10th Floor,$3937.82,5/31/2025
467,Dur,Thaller,dthallercy@pcworld.com,Male,Mercury,Grand Marquis,2003,Apt 1346,$6440.62,6/2/2025
468,Isaac,Fairham,ifairhamcz@ucoz.ru,Male,Toyota,Sequoia,2003,Suite 75,$7509.69,5/31/2025
469,Ronny,Bywaters,rbywatersd0@ftc.gov,Non-binary,Hyundai,Tiburon,1999,14th Floor,$6530.28,5/31/2025
470,Tristan,Sutehall,tsutehalld1@unblog.fr,Male,Subaru,Legacy,1993,Room 534,$4211.46,5/30/2025
471,Pasquale,Bathowe,pbathowed2@histats.com,Male,Mitsubishi,Lancer Evolution,2006,Room 367,$4264.11,6/2/2025
472,Lauren,Verlinden,lverlindend3@pinterest.com,Male,Audi,A6,1999,16th Floor,$2685.09,6/2/2025
473,Caroline,Haill,chailld4@bing.com,Genderfluid,Mercedes-Benz,G55 AMG,2006,Room 1741,$5949.76,6/2/2025
474,Melitta,Barge,mbarged5@moonfruit.com,Female,Mazda,626,1998,11th Floor,$1454.86,5/30/2025
475,Olag,Paulucci,opauluccid6@elegantthemes.com,Male,Lexus,LS,1992,PO Box 35873,$9124.34,6/1/2025
476,Jordana,Rubega,jrubegad7@vimeo.com,Female,Pontiac,Grand Prix,1991,Suite 8,$8837.96,6/1/2025
477,Andrej,Chevis,achevisd8@behance.net,Male,Dodge,Viper,1997,Suite 52,$9996.97,6/1/2025
478,Judas,Dobrowolski,jdobrowolskid9@pbs.org,Male,Ford,Crown Victoria,2011,PO Box 24527,$2772.33,6/2/2025
479,Carina,Bastard,cbastardda@utexas.edu,Female,Ford,EXP,1985,16th Floor,$1916.86,5/30/2025
480,Vinny,Mackelworth,vmackelworthdb@bbb.org,Male,Porsche,Panamera,2010,PO Box 96236,$3457.77,5/31/2025
481,Bobbye,Mewton,bmewtondc@loc.gov,Female,Honda,S2000,2009,Apt 37,$2883.39,5/30/2025
482,Elisabet,Dunston,edunstondd@acquirethisname.com,Genderqueer,Suzuki,Grand Vitara,2009,Suite 66,$6769.49,6/2/2025
483,Genna,Dominka,gdominkade@mozilla.com,Female,Kia,Sportage,1996,Suite 59,$7893.06,6/2/2025
484,Heidie,Lapree,hlapreedf@vistaprint.com,Female,Toyota,Prius,2002,Suite 82,$9563.25,6/1/2025
485,Amery,Lisciandro,alisciandrodg@wikipedia.org,Male,Volkswagen,Type 2,1986,Room 1010,$6581.03,6/3/2025
486,Goraud,Rohmer,grohmerdh@jugem.jp,Male,Nissan,Frontier,2000,Room 754,$3712.51,6/2/2025
487,Jo-anne,Jayme,jjaymedi@cyberchimps.com,Female,Cadillac,STS,2006,Room 388,$3882.76,5/30/2025
488,Sky,Heavyside,sheavysidedj@nature.com,Male,Isuzu,Oasis,1998,11th Floor,$7822.96,6/1/2025
489,Kay,Stood,kstooddk@cnn.com,Female,Chevrolet,Impala SS,1994,Suite 79,$4797.29,6/2/2025
490,Stanleigh,Quilliam,squilliamdl@merriam-webster.com,Male,Pontiac,Firebird Formula,1992,Room 142,$5367.45,6/1/2025
491,Marylynne,Silvermann,msilvermanndm@infoseek.co.jp,Female,Honda,Civic,2007,Suite 28,$1869.73,5/30/2025
492,Carlyle,Ballendine,cballendinedn@cbsnews.com,Genderqueer,Volkswagen,Jetta,2000,Room 1586,$2855.08,6/2/2025
493,Oralie,Barham,obarhamdo@histats.com,Female,Ford,Escort,1985,Apt 1055,$3741.58,6/1/2025
494,Wally,Sarra,wsarradp@cnet.com,Female,Nissan,Quest,2000,14th Floor,$4062.76,5/30/2025
495,Purcell,Silwood,psilwooddq@xing.com,Male,Oldsmobile,Silhouette,1996,PO Box 98605,$7950.71,5/30/2025
496,Nickola,Duddell,nduddelldr@opensource.org,Male,Honda,Pilot,2003,2nd Floor,$7885.45,5/30/2025
497,Caren,Calton,ccaltonds@miitbeian.gov.cn,Female,Honda,Odyssey,1998,Apt 772,$9284.27,5/31/2025
498,Aili,Kunath,akunathdt@soup.io,Female,Lincoln,MKZ,2011,Apt 1787,$9476.36,6/1/2025
499,Taffy,Dallon,tdallondu@bravesites.com,Female,Audi,A8,2000,Apt 663,$3949.04,6/1/2025
500,Bryan,Janic,bjanicdv@marketwatch.com,Male,Porsche,Boxster,2013,Room 1959,$6875.92,5/31/2025
501,Lancelot,Commusso,lcommussodw@newsvine.com,Male,GMC,3500 Club Coupe,1996,Suite 15,$4825.33,6/1/2025
502,Babita,Eliassen,beliassendx@answers.com,Female,Jeep,Comanche,1992,Room 115,$3122.90,6/3/2025
503,Elsey,Shurey,eshureydy@discuz.net,Female,Ford,Crown Victoria,2010,7th Floor,$5734.16,6/1/2025
504,Arlen,Althorp,aalthorpdz@mtv.com,Female,Volkswagen,Jetta,2004,6th Floor,$2872.97,6/2/2025
505,Nicholas,Spargo,nspargoe0@boston.com,Male,Maybach,Landaulet,2012,Suite 32,$6917.22,6/3/2025
506,Charla,Marousek,cmarouseke1@gmpg.org,Female,Toyota,Sequoia,2006,Room 503,$8601.02,6/3/2025
507,Raychel,Josephson,rjosephsone2@webs.com,Female,Audi,A8,2011,Suite 61,$3424.66,5/30/2025
508,Dinnie,Relph,drelphe3@ameblo.jp,Female,Buick,Regal,2012,Suite 22,$8207.14,6/2/2025
509,Ethelda,Goligly,egoliglye4@statcounter.com,Genderfluid,Mazda,B2600,1989,Apt 351,$5059.35,5/30/2025
510,Zacharia,Spaxman,zspaxmane5@upenn.edu,Male,Mitsubishi,L300,1990,Room 347,$9161.47,5/30/2025
511,Rozelle,Fazan,rfazane6@bloglovin.com,Female,Acura,Vigor,1992,Room 688,$2050.49,6/1/2025
512,Gerri,Gerold,ggerolde7@tripod.com,Female,Subaru,Impreza,1994,Suite 15,$3571.81,6/1/2025
513,Ruthie,Ransfield,rransfielde8@free.fr,Female,Subaru,B9 Tribeca,2007,PO Box 95911,$2895.49,6/1/2025
514,Kitty,Iohananof,kiohananofe9@merriam-webster.com,Female,Honda,Accord,1989,12th Floor,$9017.08,6/2/2025
515,Cele,McLanachan,cmclanachanea@soup.io,Female,Plymouth,Colt,1993,Suite 40,$2834.91,5/30/2025
516,Chadwick,Deek,cdeekeb@howstuffworks.com,Male,Toyota,Tacoma Xtra,2003,Suite 85,$8517.83,6/3/2025
517,Luca,Hews,lhewsec@plala.or.jp,Male,Mitsubishi,Pajero,1988,Suite 56,$2418.72,6/2/2025
518,Mara,Blight,mblighted@ebay.com,Female,Nissan,Pathfinder,2006,PO Box 3082,$8080.15,5/31/2025
519,Sheri,Bidder,sbidderee@theatlantic.com,Female,Hyundai,Sonata,1998,PO Box 65962,$8669.49,6/3/2025
520,Kipp,Breeton,kbreetonef@parallels.com,Female,Pontiac,Gemini,1988,Room 1823,$7792.48,5/31/2025
521,Neale,Pymar,npymareg@ning.com,Male,GMC,Yukon XL 2500,2009,Suite 11,$7775.52,5/30/2025
522,Cathrine,Brandacci,cbrandaccieh@fastcompany.com,Female,Mazda,RX-7,1995,Suite 95,$5096.25,6/2/2025
523,Drusi,Petruskevich,dpetruskevichei@hp.com,Female,Ford,Explorer Sport Trac,2007,PO Box 80566,$3470.63,6/3/2025
524,Bard,Riping,bripingej@nsw.gov.au,Male,Pontiac,Firebird Formula,1992,Room 1015,$8618.75,5/30/2025
525,Avictor,Sepey,asepeyek@furl.net,Male,Chevrolet,Impala,1996,12th Floor,$7235.52,5/31/2025
526,Ynes,Hugnet,yhugnetel@who.int,Female,Chevrolet,Silverado 2500,2010,PO Box 94524,$3968.38,5/31/2025
527,Zackariah,Cossans,zcossansem@google.fr,Male,Honda,Pilot,2004,Apt 1448,$3251.36,6/3/2025
528,Othello,Raspin,oraspinen@hc360.com,Male,Ford,Escape,2001,3rd Floor,$7579.21,5/31/2025
529,Gaston,Kenton,gkentoneo@tinypic.com,Male,Oldsmobile,Ciera,1993,Apt 6,$7909.24,5/31/2025
530,Odell,Pond,opondep@google.ru,Male,BMW,M3,2003,Apt 78,$3651.81,5/30/2025
531,Hanson,Curnokk,hcurnokkeq@symantec.com,Male,Volvo,XC70,2007,Apt 1205,$3473.35,6/2/2025
532,Debor,Boness,dbonesser@netvibes.com,Female,Lincoln,MKX,2010,9th Floor,$9549.50,5/31/2025
533,Zedekiah,Butters,zbutterses@oakley.com,Male,Dodge,Ram Van B150,1993,Apt 1366,$8063.26,6/3/2025
534,Austen,Pullan,apullanet@photobucket.com,Male,Lotus,Elise,2009,PO Box 21705,$1020.78,6/3/2025
535,Fabien,Tinham,ftinhameu@pcworld.com,Male,Chevrolet,Malibu,1997,15th Floor,$9989.29,6/1/2025
536,Everard,Hambrick,ehambrickev@about.com,Male,Ford,Mustang,1988,Suite 12,$1779.51,6/2/2025
537,Kean,Jonuzi,kjonuziew@behance.net,Male,Infiniti,I,2004,11th Floor,$3270.85,6/1/2025
538,Curr,Minero,cmineroex@uiuc.edu,Male,Dodge,Avenger,2009,PO Box 35196,$9461.54,5/30/2025
539,Dermot,Angrove,dangroveey@google.co.jp,Male,BMW,M3,1997,PO Box 40344,$4603.06,6/2/2025
540,Leroy,Mallinson,lmallinsonez@statcounter.com,Male,Chrysler,Crossfire Roadster,2006,PO Box 99237,$8159.01,5/31/2025
541,Bradley,Birrell,bbirrellf0@china.com.cn,Male,Volkswagen,Jetta,2000,15th Floor,$5754.26,6/1/2025
542,Valentin,Enderby,venderbyf1@privacy.gov.au,Male,Mercury,Topaz,1986,Room 1151,$2092.30,6/3/2025
543,Anthony,Brisseau,abrisseauf2@storify.com,Male,Dodge,Dakota Club,1992,PO Box 93172,$2157.46,6/1/2025
544,Kerwinn,Worsfield,kworsfieldf3@blogspot.com,Male,Mercedes-Benz,E-Class,1988,Suite 76,$9718.45,5/31/2025
545,Dex,Kidsley,dkidsleyf4@biglobe.ne.jp,Non-binary,Buick,Roadmaster,1995,8th Floor,$5999.38,6/3/2025
546,Abdul,Van den Oord,avandenoordf5@cnet.com,Male,Chevrolet,Corvette,1953,PO Box 67222,$6887.99,6/1/2025
547,Ernesta,Beevors,ebeevorsf6@msu.edu,Female,Mercedes-Benz,CLK-Class,2003,Suite 99,$6727.39,5/30/2025
548,Vladimir,Scragg,vscraggf7@youku.com,Agender,BMW,M6,2009,Room 934,$4625.47,6/3/2025
549,Silvan,Worthy,sworthyf8@addtoany.com,Male,Ford,Freestar,2007,PO Box 12770,$5329.69,6/3/2025
550,Alanson,Flade,afladef9@imdb.com,Male,Mazda,929,1987,PO Box 36893,$2985.62,5/30/2025
551,Trudey,Walby,twalbyfa@smh.com.au,Female,Chrysler,Sebring,2005,11th Floor,$3467.59,6/3/2025
552,Stu,Chasmoor,schasmoorfb@stanford.edu,Male,Toyota,Tacoma Xtra,2002,Room 545,$9221.33,5/31/2025
553,Datha,Bentje,dbentjefc@addtoany.com,Female,Chevrolet,Avalanche 1500,2006,Apt 1539,$2630.61,6/2/2025
554,Mick,Tows,mtowsfd@360.cn,Male,Land Rover,Range Rover,1987,Room 1055,$6372.99,6/2/2025
555,Welby,Waterstone,wwaterstonefe@amazon.com,Male,Pontiac,Grand Prix,1982,PO Box 41903,$6554.54,6/1/2025
556,Alasteir,Loudian,aloudianff@nbcnews.com,Male,Ford,E-Series,2004,PO Box 58006,$4375.37,6/3/2025
557,Florida,Uzielli,fuziellifg@tripod.com,Female,Ford,Crown Victoria,1998,19th Floor,$3583.83,6/3/2025
558,Casper,Hirtzmann,chirtzmannfh@sciencedirect.com,Male,Chevrolet,Suburban 1500,2010,PO Box 69163,$7598.56,5/31/2025
559,Maxy,Mettricke,mmettrickefi@yellowpages.com,Female,Toyota,Camry,2010,9th Floor,$5576.34,5/30/2025
560,Harbert,Skewes,hskewesfj@google.nl,Male,Audi,A4,1999,Room 1450,$9730.45,5/30/2025
561,Oona,Dumphrey,odumphreyfk@blogger.com,Female,Cadillac,Escalade EXT,2007,6th Floor,$1214.05,6/1/2025
562,Brennen,Chang,bchangfl@mapquest.com,Male,Maserati,GranSport,2005,Room 1829,$1164.73,6/2/2025
563,Clerkclaude,Di Pietro,cdipietrofm@imdb.com,Male,Cadillac,Escalade,2009,Room 1838,$6932.87,6/2/2025
564,Caitrin,Ollerhad,collerhadfn@multiply.com,Female,Ford,Escape,2000,Suite 60,$8401.22,6/1/2025
565,Therine,Bellee,tbelleefo@si.edu,Female,Buick,Riviera,1990,Apt 1178,$5287.90,6/3/2025
566,Raleigh,Savidge,rsavidgefp@ucla.edu,Male,Pontiac,Grand Prix,1992,Room 429,$5776.42,6/1/2025
567,Kirsten,Morison,kmorisonfq@mlb.com,Female,Mercedes-Benz,190E,1992,Room 377,$7118.02,6/1/2025
568,Pennie,McIlory,pmciloryfr@123-reg.co.uk,Male,Volvo,XC90,2008,10th Floor,$6151.97,5/30/2025
569,Myra,Jimeno,mjimenofs@unicef.org,Female,Maserati,Quattroporte,2006,Room 301,$9378.62,6/1/2025
570,Leighton,Chidley,lchidleyft@ihg.com,Male,Chrysler,Town & Country,2004,Suite 71,$7524.97,5/30/2025
571,Sadella,Jiri,sjirifu@usa.gov,Female,Audi,S8,2002,PO Box 58970,$4245.13,5/30/2025
572,Quentin,Westphal,qwestphalfv@prlog.org,Male,Volvo,V50,2009,Apt 1139,$3985.30,6/3/2025
573,Zacharias,Duddle,zduddlefw@lulu.com,Male,Kia,Spectra,2005,Room 308,$8637.60,5/31/2025
574,Rabbi,Siss,rsissfx@drupal.org,Male,Mercedes-Benz,CLS-Class,2009,2nd Floor,$5074.16,5/31/2025
575,Aubert,MacTrustrie,amactrustriefy@people.com.cn,Male,Audi,A6,1997,Apt 588,$4326.46,6/3/2025
576,Alica,Coney,aconeyfz@multiply.com,Bigender,Dodge,Ram 50,1992,Suite 14,$1409.08,6/1/2025
577,Karisa,Kilpatrick,kkilpatrickg0@ovh.net,Female,Ford,E150,2005,Apt 1947,$9414.79,6/3/2025
578,Frazier,Swarbrick,fswarbrickg1@sohu.com,Male,Ford,Econoline E350,1999,Room 992,$6041.99,6/2/2025
579,Del,Tunnock,dtunnockg2@mac.com,Female,Ford,E250,1984,PO Box 4130,$7551.81,5/31/2025
580,Mable,Lumox,mlumoxg3@bloglines.com,Female,Pontiac,Bonneville,1964,Apt 1150,$4183.93,5/31/2025
581,Ulberto,Kingswood,ukingswoodg4@seattletimes.com,Male,Subaru,Impreza,1995,11th Floor,$8471.99,6/1/2025
582,Lawton,Blazhevich,lblazhevichg5@auda.org.au,Male,Toyota,Supra,1997,Suite 34,$7778.15,5/30/2025
583,Stillman,Gillooly,sgilloolyg6@bloglovin.com,Male,Land Rover,Discovery,2007,PO Box 63134,$3969.23,5/30/2025
584,Michell,Scotcher,mscotcherg7@ask.com,Female,Volkswagen,Scirocco,1987,PO Box 38553,$1838.30,5/30/2025
585,Dorita,Wikey,dwikeyg8@hao123.com,Female,Volkswagen,New Beetle,2000,PO Box 45675,$4963.02,5/31/2025
586,Lazaro,Lister,llisterg9@yandex.ru,Bigender,Chevrolet,Colorado,2004,4th Floor,$1883.75,5/31/2025
587,Hollyanne,Satterley,hsatterleyga@yahoo.com,Female,Plymouth,Fury,1964,PO Box 73412,$5105.89,5/31/2025
588,Irwinn,Peschmann,ipeschmanngb@ucoz.com,Agender,Chevrolet,Avalanche,2011,PO Box 54573,$1853.66,5/31/2025
589,Jerad,Boleyn,jboleyngc@vk.com,Male,Nissan,240SX,1992,Room 343,$5971.71,5/30/2025
590,Jerrine,Sjollema,jsjollemagd@tuttocitta.it,Female,Ford,F250,1996,PO Box 75285,$9143.80,6/2/2025
591,Lurline,Goulborn,lgoulbornge@dion.ne.jp,Female,Dodge,Ram 2500,1996,4th Floor,$7456.63,5/31/2025
592,Harris,Matley,hmatleygf@smugmug.com,Male,BMW,X6,2011,Apt 265,$2262.72,6/1/2025
593,Rosalinde,Such,rsuchgg@gnu.org,Female,Lincoln,Town Car,1993,Apt 1628,$9038.97,5/30/2025
594,Tate,Edmonston,tedmonstongh@ameblo.jp,Male,Mazda,Protege,1993,Suite 64,$9922.65,5/30/2025
595,Trip,Forgie,tforgiegi@census.gov,Male,Buick,Century,1990,PO Box 69326,$6999.50,5/30/2025
596,Zerk,Hollyer,zhollyergj@google.es,Male,Mercedes-Benz,R-Class,2010,Suite 84,$6705.01,6/2/2025
597,Lethia,Mates,lmatesgk@webs.com,Female,Ford,F350,2007,Suite 98,$3239.63,6/2/2025
598,Durante,Neasam,dneasamgl@hao123.com,Male,Chevrolet,Suburban 1500,2008,Suite 39,$5332.70,6/2/2025
599,Gwen,Veltmann,gveltmanngm@spotify.com,Female,Audi,A3,2007,2nd Floor,$9451.48,6/2/2025
600,Brooke,Collingwood,bcollingwoodgn@t-online.de,Genderfluid,Mercury,Sable,2004,Apt 746,$7367.90,5/31/2025
601,Boycie,Prew,bprewgo@usatoday.com,Male,Cadillac,XLR,2008,Room 887,$9686.84,6/3/2025
602,Dom,Garford,dgarfordgp@engadget.com,Male,MINI,Cooper,2008,Apt 405,$6119.16,6/2/2025
603,Debbi,Scrauniage,dscrauniagegq@discuz.net,Female,Jeep,Commander,2006,Suite 48,$2968.81,5/31/2025
604,Denna,Tumioto,dtumiotogr@wikispaces.com,Female,Lamborghini,Diablo,1995,Room 1127,$1473.59,5/31/2025
605,Dilan,De la Yglesia,ddelayglesiags@digg.com,Male,Buick,LeSabre,2000,Apt 1180,$9545.99,6/2/2025
606,Quinlan,Charopen,qcharopengt@blogs.com,Male,Ford,Focus,2000,Room 1155,$8744.94,5/31/2025
607,Giorgio,Trainor,gtrainorgu@google.nl,Male,Lotus,Exige,2012,Room 830,$5005.52,6/1/2025
608,Amos,Farbrace,afarbracegv@arstechnica.com,Male,Ford,E150,2003,PO Box 81847,$3331.32,5/31/2025
609,Manny,McJarrow,mmcjarrowgw@marriott.com,Male,Mercedes-Benz,S-Class,1994,Apt 1318,$5551.98,6/3/2025
610,Marci,Verrico,mverricogx@oaic.gov.au,Non-binary,Cadillac,Escalade EXT,2011,2nd Floor,$4999.61,6/1/2025
611,Augy,Castelot,acastelotgy@upenn.edu,Male,Volvo,940,1995,PO Box 5658,$9341.30,6/2/2025
612,Lynea,Neate,lneategz@studiopress.com,Female,Saturn,Ion,2003,Apt 1955,$5518.16,6/2/2025
613,Reamonn,Carnall,rcarnallh0@theglobeandmail.com,Male,Saab,900,1984,Room 1091,$1905.06,6/3/2025
614,Sumner,Leades,sleadesh1@reference.com,Male,GMC,Savana 1500,2010,Apt 1812,$3184.29,6/3/2025
615,Perry,Bearsmore,pbearsmoreh2@hubpages.com,Male,Mercury,Mariner,2005,Suite 65,$4036.18,6/3/2025
616,Bryan,Schroter,bschroterh3@nyu.edu,Male,Pontiac,Bonneville,1987,PO Box 92924,$7654.19,5/30/2025
617,Yancy,Derycot,yderycoth4@geocities.com,Polygender,Acura,RL,2006,PO Box 57647,$4880.90,5/31/2025
618,Minny,McTerrelly,mmcterrellyh5@ihg.com,Female,Volvo,S40,2007,2nd Floor,$5753.77,6/1/2025
619,Doe,Kensett,dkensetth6@apache.org,Female,Acura,MDX,2003,Suite 16,$4730.57,5/31/2025
620,Dwayne,Crosfield,dcrosfieldh7@upenn.edu,Agender,Suzuki,Reno,2005,PO Box 28783,$2672.34,6/1/2025
621,Roshelle,Sikorski,rsikorskih8@artisteer.com,Female,Toyota,Avalon,1995,5th Floor,$3307.50,6/2/2025
622,Remus,Gladden,rgladdenh9@creativecommons.org,Male,Volkswagen,GTI,1988,16th Floor,$1193.33,6/1/2025
623,Darby,Trench,dtrenchha@slate.com,Male,Porsche,Boxster,2010,Apt 1504,$2672.13,6/3/2025
624,Norina,Grigorkin,ngrigorkinhb@friendfeed.com,Female,Mitsubishi,Outlander,2005,PO Box 51621,$3778.87,5/30/2025
625,Hyacinthe,Camerello,hcamerellohc@skype.com,Female,Oldsmobile,Alero,2002,Apt 794,$8229.90,6/2/2025
626,Padgett,MacPhee,pmacpheehd@bloomberg.com,Male,Buick,LeSabre,1986,Suite 8,$7437.28,6/3/2025
627,Violetta,Roath,vroathhe@woothemes.com,Female,Ford,Taurus,2013,18th Floor,$1704.89,6/1/2025
628,Zoe,Memmory,zmemmoryhf@epa.gov,Polygender,Mazda,Protege,1998,11th Floor,$1026.15,5/31/2025
629,Lynna,Klimes,lklimeshg@nyu.edu,Female,Audi,4000s,1985,6th Floor,$6287.20,6/1/2025
630,Hildagard,Fuchs,hfuchshh@ebay.com,Female,Chrysler,300,2005,PO Box 58609,$5927.36,5/31/2025
631,Keely,Molloy,kmolloyhi@imdb.com,Female,Audi,TT,2009,Suite 39,$1078.42,6/3/2025
632,Meggi,Battson,mbattsonhj@newsvine.com,Female,Maybach,57,2008,Room 1765,$7207.96,5/31/2025
633,Dionne,Fernyhough,dfernyhoughhk@printfriendly.com,Female,Ford,Crown Victoria,2000,Apt 1015,$7279.08,5/30/2025
634,Kelila,Brainsby,kbrainsbyhl@wikia.com,Female,Mitsubishi,Chariot,1996,Room 719,$7371.98,6/3/2025
635,Packston,Covely,pcovelyhm@comcast.net,Male,Pontiac,Trans Sport,1993,Apt 625,$6072.11,5/31/2025
636,Shauna,Filgate,sfilgatehn@dyndns.org,Female,Infiniti,G25,2012,Suite 9,$1975.13,6/3/2025
637,Franciskus,Capron,fcapronho@storify.com,Genderfluid,Dodge,Viper,2004,Room 633,$1769.49,6/1/2025
638,Alisha,Herrieven,aherrievenhp@rambler.ru,Female,Honda,CR-V,2009,PO Box 94980,$7164.83,5/30/2025
639,Jeremy,Garrud,jgarrudhq@squidoo.com,Male,Ford,Windstar,2000,Room 1346,$8113.22,6/3/2025
640,Claus,Coulthard,ccoulthardhr@soup.io,Male,Toyota,Sequoia,2004,Suite 89,$8520.80,5/31/2025
641,Ron,Cawkill,rcawkillhs@msn.com,Male,Lincoln,LS,2001,PO Box 81656,$8549.40,5/31/2025
642,Aimee,Tite,atiteht@thetimes.co.uk,Female,Ford,Taurus,2006,Room 628,$7261.35,5/31/2025
643,Goddart,Riveles,griveleshu@msn.com,Male,Ford,Focus,2013,8th Floor,$4597.88,5/31/2025
644,Quintina,Urien,qurienhv@hexun.com,Female,Audi,Q7,2011,Room 1338,$7012.25,6/2/2025
645,Estel,Lakenden,elakendenhw@fotki.com,Female,Porsche,911,2006,Room 1966,$3255.96,6/1/2025
646,Gertrudis,Millions,gmillionshx@paginegialle.it,Female,Isuzu,Hombre,1996,Suite 4,$8820.91,5/31/2025
647,Goddart,Glayzer,gglayzerhy@pagesperso-orange.fr,Male,Mercury,Milan,2011,Suite 31,$5994.60,5/31/2025
648,Delbert,Andriveaux,dandriveauxhz@npr.org,Male,Chevrolet,S10,1999,16th Floor,$5580.21,6/1/2025
649,Isobel,McGilvra,imcgilvrai0@cdbaby.com,Female,GMC,Suburban 1500,1998,Suite 56,$5595.79,5/31/2025
650,Kalindi,Cringle,kcringlei1@comsenz.com,Female,Volkswagen,Jetta,2007,Suite 15,$7540.66,5/30/2025
651,Dean,Harman,dharmani2@arizona.edu,Male,Pontiac,Solstice,2006,Apt 962,$9994.16,6/3/2025
652,Sydelle,Drinkeld,sdrinkeldi3@joomla.org,Female,Lexus,LS,2002,PO Box 28820,$5713.21,5/30/2025
653,Jeannie,McCaskell,jmccaskelli4@fc2.com,Female,Pontiac,Sunfire,2004,Suite 67,$4260.48,6/2/2025
654,Kristos,Carsberg,kcarsbergi5@rediff.com,Male,Ford,E250,2006,18th Floor,$7212.23,5/30/2025
655,Rouvin,Dimmer,rdimmeri6@ustream.tv,Genderfluid,Ford,Falcon,1966,PO Box 27741,$5013.26,6/3/2025
656,Maddy,Cromblehome,mcromblehomei7@umich.edu,Male,Toyota,Tercel,1993,14th Floor,$1918.77,6/2/2025
657,Jermayne,Simko,jsimkoi8@nhs.uk,Male,Mitsubishi,Eclipse,2012,Suite 93,$8316.48,6/1/2025
658,Harwell,Ridge,hridgei9@princeton.edu,Male,Toyota,4Runner,2008,Apt 859,$4937.73,6/2/2025
659,Hieronymus,Pedrocco,hpedroccoia@hc360.com,Male,Mazda,MX-5,2007,Apt 1672,$7714.25,6/3/2025
660,Christye,Dangerfield,cdangerfieldib@xing.com,Female,Hyundai,Elantra,1998,Apt 1328,$1910.36,6/2/2025
661,Madelin,McKane,mmckaneic@fema.gov,Female,Honda,CR-V,2008,Apt 588,$9271.86,6/1/2025
662,Frasier,Greenless,fgreenlessid@scientificamerican.com,Male,Lexus,LS,2005,PO Box 67200,$3049.93,5/30/2025
663,Dall,Jaquest,djaquestie@ovh.net,Male,Chevrolet,Express 3500,2007,PO Box 69285,$7114.79,5/30/2025
664,Meredithe,Kryszka,mkryszkaif@nba.com,Female,Chevrolet,TrailBlazer,2006,Room 1762,$2309.84,5/30/2025
665,Crysta,Goldstein,cgoldsteinig@oracle.com,Female,Nissan,Sentra,1997,Suite 88,$7078.66,6/1/2025
666,Enrichetta,Humm,ehummih@smh.com.au,Female,Nissan,370Z,2011,Apt 403,$4233.32,6/2/2025
667,Pepillo,Spykings,pspykingsii@nih.gov,Male,Acura,NSX,1996,Apt 1056,$2012.85,6/1/2025
668,Even,Rylett,erylettij@cdbaby.com,Agender,Chevrolet,Avalanche,2006,Room 553,$7587.50,5/31/2025
669,Nobie,Mathys,nmathysik@t-online.de,Male,Ford,EXP,1984,Suite 23,$6661.05,6/3/2025
670,Rodge,Hammerich,rhammerichil@nature.com,Male,Pontiac,Firebird,1993,Room 897,$8204.38,5/31/2025
671,Washington,Scheffel,wscheffelim@comsenz.com,Male,BMW,1 Series,2012,PO Box 78071,$6749.67,6/2/2025
672,Richie,Seear,rseearin@storify.com,Male,Porsche,968,1995,Suite 12,$6804.38,5/31/2025
673,Vernon,Handrock,vhandrockio@infoseek.co.jp,Male,Dodge,Ram 1500,1996,Apt 1095,$5734.12,5/31/2025
674,Gusella,Daborn,gdabornip@seattletimes.com,Female,Audi,A6,2003,Suite 62,$6465.61,5/30/2025
675,Taffy,Bahia,tbahiaiq@1und1.de,Female,Mazda,MPV,1996,Suite 11,$8341.48,5/31/2025
676,Cash,Baldassi,cbaldassiir@hibu.com,Male,Chevrolet,Silverado,2007,Apt 516,$1715.55,5/31/2025
677,Stacee,Evitt,sevittis@icio.us,Agender,Jeep,Cherokee,1996,PO Box 1598,$4679.09,6/2/2025
678,Aubert,Marquand,amarquandit@bravesites.com,Male,Isuzu,Impulse,1992,15th Floor,$1516.21,5/31/2025
679,Maren,Wilds,mwildsiu@sitemeter.com,Female,Cadillac,XLR,2009,PO Box 81383,$1740.27,6/2/2025
680,Chet,O'Cahill,cocahilliv@fema.gov,Genderqueer,Volkswagen,Quantum,1984,Apt 436,$4152.26,6/3/2025
681,Alvin,Gaffney,agaffneyiw@discovery.com,Male,Pontiac,Tempest,1966,Suite 72,$1174.59,6/3/2025
682,Felita,Drache,fdracheix@vkontakte.ru,Female,Isuzu,Trooper,2002,PO Box 9925,$6213.67,6/1/2025
683,Trula,Foley,tfoleyiy@scribd.com,Female,Dodge,Dakota Club,2005,5th Floor,$3967.21,6/2/2025
684,Brantley,Waddy,bwaddyiz@samsung.com,Male,Honda,CR-X,1985,Room 1842,$2319.45,5/30/2025
685,Randolph,McAster,rmcasterj0@prweb.com,Male,Suzuki,XL-7,2008,2nd Floor,$6822.40,6/2/2025
686,Timotheus,Wellstead,twellsteadj1@hud.gov,Genderqueer,Audi,80,1990,Suite 96,$5464.15,5/31/2025
687,Marcelo,Fynes,mfynesj2@shareasale.com,Male,Buick,Skylark,1992,13th Floor,$4433.51,5/31/2025
688,Claudie,Delafont,cdelafontj3@ustream.tv,Genderqueer,Ford,Taurus X,2009,Room 673,$6964.13,6/1/2025
689,Grove,Gobolos,ggobolosj4@theatlantic.com,Male,Volkswagen,Golf,2003,PO Box 58680,$6885.33,5/31/2025
690,Nari,Paris,nparisj5@narod.ru,Female,Dodge,Ram 1500,1994,Apt 748,$4454.88,6/3/2025
691,Lacie,Gristwood,lgristwoodj6@theatlantic.com,Female,Chevrolet,Malibu,2007,Suite 8,$5793.24,6/1/2025
692,Lenard,Tallent,ltallentj7@walmart.com,Male,BMW,6 Series,2004,Apt 145,$8119.59,6/3/2025
693,Jock,Tarbard,jtarbardj8@360.cn,Male,GMC,3500 Club Coupe,1997,PO Box 46208,$9853.56,6/1/2025
694,Ondrea,Spragge,ospraggej9@seesaa.net,Female,Mercury,Mountaineer,2006,13th Floor,$4617.37,6/3/2025
695,Micaela,Boutellier,mboutellierja@slideshare.net,Female,Subaru,Impreza,2001,Suite 33,$5588.77,5/30/2025
696,Seline,Hinkley,shinkleyjb@freewebs.com,Female,Audi,4000CS Quattro,1987,PO Box 2942,$5244.00,5/30/2025
697,Willi,Mainwaring,wmainwaringjc@zdnet.com,Male,Chevrolet,Express 1500,2011,15th Floor,$2130.32,5/30/2025
698,Harris,Guyers,hguyersjd@comcast.net,Male,GMC,Yukon XL 1500,2010,13th Floor,$8767.44,6/3/2025
699,Vivi,Skingley,vskingleyje@amazon.co.jp,Female,Suzuki,XL7,2009,Suite 36,$5744.33,5/30/2025
700,Raynor,Ruckert,rruckertjf@fda.gov,Male,Saab,900,1988,Room 1555,$4551.78,5/30/2025
701,Obediah,Janiszewski,ojaniszewskijg@webeden.co.uk,Male,Plymouth,Colt,1993,Apt 250,$4563.28,6/1/2025
702,Garrott,Millwall,gmillwalljh@blogs.com,Polygender,Chrysler,PT Cruiser,2009,Room 1910,$1041.75,6/3/2025
703,Tamarah,Reggler,tregglerji@xrea.com,Female,Toyota,Avalon,1996,Apt 109,$9976.24,6/3/2025
704,Dolli,Ronci,droncijj@upenn.edu,Female,Chevrolet,Impala,2011,Apt 570,$9672.39,6/3/2025
705,Krystal,Hawkshaw,khawkshawjk@patch.com,Genderfluid,Lexus,SC,2002,Room 1549,$2049.41,6/1/2025
706,Daniele,Kerton,dkertonjl@ftc.gov,Female,Mitsubishi,Galant,1996,1st Floor,$8882.86,6/3/2025
707,Prudi,Sirmond,psirmondjm@google.co.jp,Female,Ford,E-Series,2012,9th Floor,$6226.00,6/3/2025
708,Nicolas,Hogbin,nhogbinjn@nature.com,Male,Pontiac,Grand Am,1994,Room 913,$8477.29,6/2/2025
709,Kerwinn,Peoples,kpeoplesjo@salon.com,Male,Acura,RSX,2006,6th Floor,$8743.29,6/1/2025
710,Carita,Boik,cboikjp@hp.com,Female,Nissan,Altima,2005,2nd Floor,$7916.81,5/30/2025
711,Wolf,Utton,wuttonjq@auda.org.au,Male,Dodge,Caravan,2006,Room 1504,$6536.09,5/31/2025
712,Lynette,Denekamp,ldenekampjr@tuttocitta.it,Female,Ford,Thunderbird,1958,PO Box 49354,$1537.23,6/2/2025
713,Ara,Zannolli,azannollijs@twitpic.com,Male,Lexus,SC,2010,15th Floor,$4754.37,5/30/2025
714,Tracey,Copping,tcoppingjt@wiley.com,Female,Mitsubishi,Galant,2000,Suite 72,$4694.20,5/31/2025
715,Thomasine,Scotchbrook,tscotchbrookju@marketwatch.com,Female,Ford,Freestar,2004,PO Box 74979,$6327.21,6/1/2025
716,Frankie,MacSween,fmacsweenjv@ameblo.jp,Female,Nissan,Cube,2010,Apt 587,$8042.73,6/3/2025
717,Reagan,Gilstin,rgilstinjw@hp.com,Male,Chevrolet,APV,1992,Room 1375,$3144.54,5/30/2025
718,Trula,Spolton,tspoltonjx@jugem.jp,Female,Toyota,MR2,1992,Suite 91,$3207.78,6/3/2025
719,Batsheva,Hawney,bhawneyjy@soup.io,Female,Honda,Prelude,1985,PO Box 40338,$8523.42,6/2/2025
720,Millie,Peaurt,mpeaurtjz@opensource.org,Female,Subaru,Baja,2006,Apt 1825,$1972.55,6/2/2025
721,Kaleena,Paskerful,kpaskerfulk0@mediafire.com,Female,Kia,Sportage,1999,12th Floor,$1977.77,5/30/2025
722,Adorne,Riply,ariplyk1@unblog.fr,Female,Infiniti,G,1994,Suite 18,$2021.27,6/2/2025
723,Gelya,Billyeald,gbillyealdk2@rambler.ru,Female,GMC,Rally Wagon 2500,1992,Suite 83,$5712.07,6/1/2025
724,Yovonnda,Selkirk,yselkirkk3@homestead.com,Female,Mitsubishi,Endeavor,2010,Suite 65,$7352.67,5/30/2025
725,Milka,Zoephel,mzoephelk4@cdbaby.com,Female,Maserati,Spyder,1990,4th Floor,$2981.29,6/2/2025
726,Sarajane,Blacklidge,sblacklidgek5@dot.gov,Female,Volkswagen,Passat,1995,Apt 589,$4957.41,6/3/2025
727,Christian,Gilbride,cgilbridek6@chron.com,Male,Chevrolet,Tahoe,2008,PO Box 18774,$2931.73,6/3/2025
728,Ilyse,Armatidge,iarmatidgek7@noaa.gov,Female,Lexus,GX,2008,Suite 22,$6030.19,5/31/2025
729,Clemmie,Scanes,cscanesk8@tripod.com,Male,Honda,S2000,2000,14th Floor,$3511.61,6/3/2025
730,Jocelin,Brager,jbragerk9@reverbnation.com,Female,Pontiac,Firebird,1995,Room 642,$5874.25,6/1/2025
731,Gaye,Barrowcliffe,gbarrowcliffeka@com.com,Female,Bentley,Continental,2005,19th Floor,$7137.99,6/1/2025
732,Birgitta,Raffon,braffonkb@altervista.org,Female,Mercury,Villager,1996,Room 134,$1166.00,6/2/2025
733,Sunny,Patterfield,spatterfieldkc@1und1.de,Male,Land Rover,Defender,1992,PO Box 88813,$2276.35,6/1/2025
734,Paton,Syfax,psyfaxkd@businessinsider.com,Male,Mercedes-Benz,CLK-Class,2008,Suite 83,$9182.09,5/31/2025
735,Kinna,Ipplett,kipplettke@uol.com.br,Female,Lexus,ES,1996,Room 418,$4974.57,5/31/2025
736,Carin,Brunskill,cbrunskillkf@nymag.com,Female,Oldsmobile,Intrigue,2002,PO Box 13143,$3853.37,5/30/2025
737,Nicolis,Newby,nnewbykg@slideshare.net,Male,Cadillac,DTS,2009,Room 1113,$8998.96,5/31/2025
738,Shandeigh,Leopold,sleopoldkh@facebook.com,Female,Geo,Prizm,1994,Suite 33,$4387.61,5/31/2025
739,Carlie,Arnau,carnauki@cbsnews.com,Male,Ford,Taurus,1998,Suite 40,$4690.30,5/30/2025
740,Tani,Rangell,trangellkj@yellowpages.com,Female,BMW,7 Series,2010,Apt 315,$8873.92,6/1/2025
741,Odelle,Hugk,ohugkkk@github.io,Female,Porsche,911,2003,PO Box 72129,$1974.61,5/30/2025
742,Wash,McEvay,wmcevaykl@tmall.com,Male,Ford,F250,2001,Room 441,$8721.52,6/3/2025
743,Honoria,Arnao,harnaokm@bbc.co.uk,Non-binary,BMW,530,2005,Room 469,$4388.96,6/1/2025
744,Bella,Briskey,bbriskeykn@si.edu,Female,Toyota,Land Cruiser,2009,Apt 985,$2154.94,6/3/2025
745,Spense,Bucklee,sbuckleeko@typepad.com,Male,Chevrolet,Equinox,2010,12th Floor,$7736.99,5/30/2025
746,Ruggiero,Sigge,rsiggekp@google.com.hk,Male,Chevrolet,Tahoe,2009,1st Floor,$5512.64,6/1/2025
747,Blaine,Label,blabelkq@parallels.com,Male,Chevrolet,Monte Carlo,1995,PO Box 8042,$9325.56,5/31/2025
748,Kiersten,Morrid,kmorridkr@economist.com,Female,Buick,Estate,1990,9th Floor,$5425.79,6/3/2025
749,Benson,Lowis,blowisks@vinaora.com,Male,Pontiac,Trans Sport,1992,PO Box 94287,$6802.97,6/3/2025
750,Ammamaria,Finch,afinchkt@msn.com,Female,Volkswagen,Phaeton,2005,4th Floor,$6409.23,5/31/2025
751,Vittorio,Churchyard,vchurchyardku@economist.com,Male,Chevrolet,Express 3500,2006,5th Floor,$8767.64,5/31/2025
752,Anneliese,Van Geffen,avangeffenkv@hugedomains.com,Female,Honda,Accord,2004,Room 1982,$1834.52,6/3/2025
753,Edythe,Goudman,egoudmankw@hc360.com,Female,Mercedes-Benz,W201,1992,10th Floor,$2854.24,5/30/2025
754,Emmaline,Morena,emorenakx@nih.gov,Female,Subaru,Justy,1991,Room 415,$7934.91,6/3/2025
755,Addi,Lake,alakeky@instagram.com,Female,Oldsmobile,Bravada,1997,Room 1912,$3003.60,6/2/2025
756,Muffin,Gudeman,mgudemankz@unc.edu,Female,Cadillac,DeVille,2000,Room 890,$7774.53,6/1/2025
757,Cori,Schout,cschoutl0@earthlink.net,Male,Toyota,Celica,1982,Suite 39,$4247.51,6/3/2025
758,Ava,McLarty,amclartyl1@topsy.com,Female,Saturn,S-Series,2002,Suite 39,$2799.19,5/31/2025
759,Sigvard,Jockle,sjocklel2@timesonline.co.uk,Male,Ford,Focus,2010,Apt 1489,$3225.03,5/31/2025
760,Wendi,Schuh,wschuhl3@ustream.tv,Female,Dodge,Ram Van 1500,1995,Apt 1291,$8246.46,5/31/2025
761,Natalya,Dimelow,ndimelowl4@hud.gov,Female,Jeep,Liberty,2010,Room 678,$2663.67,5/31/2025
762,Herc,Boydell,hboydelll5@godaddy.com,Male,GMC,1500,1994,9th Floor,$6855.25,6/3/2025
763,Sharai,Dansken,sdanskenl6@sitemeter.com,Female,Acura,TL,2011,Suite 41,$5332.40,5/30/2025
764,Cecelia,Farnham,cfarnhaml7@smugmug.com,Female,Dodge,Ramcharger,1993,Room 1992,$5237.32,6/1/2025
765,Stesha,Moors,smoorsl8@hc360.com,Female,Mitsubishi,Diamante,2000,Apt 994,$8552.29,5/30/2025
766,Leicester,Ebbage,lebbagel9@sciencedirect.com,Male,GMC,2500,1999,PO Box 64752,$9320.33,6/1/2025
767,Jelene,Dilston,jdilstonla@telegraph.co.uk,Female,Mitsubishi,Expo,1993,Apt 15,$3896.15,6/2/2025
768,Lurette,Copes,lcopeslb@imageshack.us,Female,Ford,Econoline E250,1995,11th Floor,$9053.43,6/3/2025
769,Ray,Boyett,rboyettlc@linkedin.com,Male,Subaru,Outback,2009,PO Box 26993,$5653.22,5/30/2025
770,Danika,Bains,dbainsld@europa.eu,Female,GMC,1500 Club Coupe,1997,Suite 70,$7356.40,6/2/2025
771,Andreana,Luckhurst,aluckhurstle@craigslist.org,Female,Chevrolet,Avalanche 1500,2004,Suite 80,$2335.55,6/1/2025
772,Aylmar,Mieville,amievillelf@goo.ne.jp,Male,Cadillac,Eldorado,1997,PO Box 31861,$8261.21,6/3/2025
773,Ruperta,Hubert,rhubertlg@shutterfly.com,Female,BMW,3 Series,2006,Apt 398,$3746.36,5/30/2025
774,Will,Hesser,whesserlh@istockphoto.com,Male,Mazda,Mazdaspeed 3,2011,Room 1075,$7253.69,5/31/2025
775,Brok,Rosoman,brosomanli@nba.com,Male,GMC,Yukon,2010,Suite 34,$3294.44,6/1/2025
776,Normand,Filipponi,nfilipponilj@delicious.com,Genderqueer,BMW,X6,2013,PO Box 48921,$7019.93,6/3/2025
777,Consolata,Gager,cgagerlk@blinklist.com,Female,Toyota,Camry,2012,Apt 1361,$6571.98,6/3/2025
778,Buddie,L'Amie,blamiell@imdb.com,Male,Toyota,Camry,1998,8th Floor,$9878.59,6/2/2025
779,Wallace,Bour,wbourlm@hatena.ne.jp,Male,Nissan,Altima,2002,PO Box 17411,$1560.85,6/1/2025
780,Cookie,MacCaughey,cmaccaugheyln@vimeo.com,Female,Ferrari,458 Italia,2010,Apt 1526,$1596.63,6/1/2025
781,Desi,McPheat,dmcpheatlo@umich.edu,Male,Mazda,626,1998,Suite 52,$5969.84,5/30/2025
782,Jaclin,Stripling,jstriplinglp@soundcloud.com,Female,Volkswagen,Passat,1991,PO Box 66275,$4858.16,6/1/2025
783,Binky,Bache,bbachelq@cpanel.net,Male,Mitsubishi,Tundra,2009,Room 1935,$5851.11,6/3/2025
784,Bondie,Firmager,bfirmagerlr@csmonitor.com,Male,Lexus,ES,2000,Room 1405,$4881.39,6/3/2025
785,Agustin,Cuttell,acuttellls@domainmarket.com,Male,Ford,Escort,1998,10th Floor,$7217.64,6/1/2025
786,Coraline,Leyfield,cleyfieldlt@squarespace.com,Female,Eagle,Talon,1994,Room 508,$5697.16,6/2/2025
787,Aundrea,Lampkin,alampkinlu@reddit.com,Female,Acura,Integra,1988,PO Box 78058,$6350.91,5/31/2025
788,Torie,Sergeaunt,tsergeauntlv@ehow.com,Female,Nissan,Frontier,2009,Apt 378,$2187.51,5/30/2025
789,Kristin,Keaves,kkeaveslw@squarespace.com,Female,Volkswagen,Cabriolet,1990,Apt 820,$8388.64,5/31/2025
790,Alejandro,Slograve,aslogravelx@jiathis.com,Male,Ford,Mustang,1968,3rd Floor,$8099.00,6/3/2025
791,Vaughn,Zamorrano,vzamorranoly@youtube.com,Male,Chevrolet,Silverado 3500,2004,Suite 35,$6219.30,5/31/2025
792,Isabelita,Twinbourne,itwinbournelz@dropbox.com,Female,GMC,Savana 1500,2003,Apt 1149,$1310.73,6/1/2025
793,Kerk,Eynon,keynonm0@marketwatch.com,Genderqueer,Toyota,Sequoia,2003,Room 371,$3279.12,6/1/2025
794,Jennine,Toovey,jtooveym1@amazon.co.jp,Female,Chevrolet,Lumina,1995,Room 653,$4525.31,6/3/2025
795,Camile,Andrichuk,candrichukm2@about.me,Female,Toyota,Sienna,2000,2nd Floor,$9506.80,6/2/2025
796,Bobbie,Francescoccio,bfrancescocciom3@4shared.com,Female,Audi,S5,2008,Room 425,$2810.07,6/1/2025
797,Micky,Gresty,mgrestym4@istockphoto.com,Female,Mazda,Millenia,1996,Apt 610,$9173.21,5/31/2025
798,Kelsi,MacCard,kmaccardm5@mayoclinic.com,Female,Suzuki,Swift,1999,Apt 523,$4688.51,6/1/2025
799,Caroljean,Eastby,ceastbym6@usda.gov,Female,Saab,9-5,2000,PO Box 45038,$8808.93,6/1/2025
800,Zak,Nansom,znansomm7@cbslocal.com,Male,Dodge,Ram 2500,2010,PO Box 35253,$7877.90,6/3/2025
801,Laurie,Abella,labellam8@addthis.com,Male,Ford,E-Series,2006,Room 1778,$7052.42,5/30/2025
802,Toni,Fagge,tfaggem9@symantec.com,Female,Isuzu,i-290,2007,PO Box 44270,$6728.41,5/30/2025
803,Josi,Murden,jmurdenma@prnewswire.com,Female,Lamborghini,Diablo,1995,Suite 44,$5344.31,6/2/2025
804,Sella,Drew,sdrewmb@cloudflare.com,Female,Scion,tC,2011,Suite 1,$9295.80,6/3/2025
805,Heddie,Seward,hsewardmc@pcworld.com,Female,Maserati,Quattroporte,2010,Apt 744,$9550.86,6/1/2025
806,Kath,Joel,kjoelmd@nature.com,Female,Audi,A4,2004,Suite 96,$5398.12,6/2/2025
807,Moritz,Denziloe,mdenziloeme@indiegogo.com,Male,Pontiac,Grand Prix,1966,Room 1557,$7306.38,6/3/2025
808,Allen,Fluger,aflugermf@loc.gov,Male,Lexus,LS,1991,18th Floor,$5590.37,6/3/2025
809,Theodora,Duding,tdudingmg@lycos.com,Female,Dodge,Stratus,1999,PO Box 1544,$7348.46,5/30/2025
810,Alwin,Basezzi,abasezzimh@macromedia.com,Male,Scion,xB,2004,Room 1458,$6410.09,6/2/2025
811,Rikki,Bellows,rbellowsmi@newyorker.com,Male,Mitsubishi,Montero,1997,Room 1365,$8493.36,5/31/2025
812,Auroora,Pozzo,apozzomj@va.gov,Female,Hyundai,Scoupe,1995,Apt 249,$7589.76,5/31/2025
813,Nickolas,Fellgate,nfellgatemk@cornell.edu,Male,Cadillac,SRX,2004,Room 5,$7929.26,5/31/2025
814,Herschel,Broome,hbroomeml@icio.us,Male,Chevrolet,Impala,2000,Room 614,$4770.35,6/1/2025
815,Minne,Berthel,mberthelmm@shareasale.com,Female,Volvo,960,1993,20th Floor,$2675.46,5/31/2025
816,Dawn,Earengey,dearengeymn@delicious.com,Female,Saturn,Relay,2005,PO Box 59992,$1210.34,5/31/2025
817,Alfy,Gwillym,agwillymmo@washingtonpost.com,Female,Ford,Tempo,1994,7th Floor,$6613.82,5/30/2025
818,Quinta,Novichenko,qnovichenkomp@hud.gov,Female,Mercedes-Benz,SL-Class,1997,Room 1811,$3423.21,5/31/2025
819,Roxanna,Manssuer,rmanssuermq@biblegateway.com,Genderfluid,Pontiac,Montana,2004,Suite 27,$7619.19,6/2/2025
820,Malcolm,Huby,mhubymr@dagondesign.com,Male,Kia,Rio,2009,Apt 1672,$2329.18,6/2/2025
821,Brnaby,Skeeles,bskeelesms@amazon.co.uk,Male,Honda,Accord,2008,PO Box 612,$7388.91,6/2/2025
822,Logan,Jerrand,ljerrandmt@privacy.gov.au,Male,GMC,Savana 1500,2012,Apt 1354,$3927.66,5/30/2025
823,Garwin,Palfreyman,gpalfreymanmu@adobe.com,Male,Infiniti,Q,1993,PO Box 59384,$9906.20,5/30/2025
824,Antonino,Espinho,aespinhomv@imageshack.us,Male,Audi,S4,2008,PO Box 21837,$6935.93,5/30/2025
825,Averil,Daybell,adaybellmw@ow.ly,Male,Ford,Mustang,2008,Suite 11,$5758.94,5/31/2025
826,Milka,Hruska,mhruskamx@pcworld.com,Female,Honda,Element,2003,19th Floor,$7189.83,5/30/2025
827,Kayley,Tubby,ktubbymy@state.gov,Female,Mercedes-Benz,E-Class,1992,Apt 155,$8535.97,6/1/2025
828,Armand,Pashley,apashleymz@discuz.net,Male,Chevrolet,Camaro,2002,PO Box 31571,$4036.06,6/2/2025
829,Clarine,Ricker,crickern0@hostgator.com,Bigender,Pontiac,G5,2009,Suite 73,$7579.20,5/30/2025
830,Nye,Ridding,nriddingn1@ask.com,Male,GMC,Yukon XL 1500,2002,PO Box 85128,$9581.06,6/3/2025
831,Kim,Buckthorp,kbuckthorpn2@squarespace.com,Male,Ford,Contour,1997,5th Floor,$9888.32,6/1/2025
832,Dane,Cotterel,dcottereln3@ow.ly,Male,Chevrolet,Express,2010,PO Box 11308,$4724.54,6/3/2025
833,Merry,Midford,mmidfordn4@elpais.com,Female,Pontiac,Grand Prix,2003,Apt 1581,$1552.63,6/2/2025
834,Amerigo,Allsupp,aallsuppn5@naver.com,Male,Mitsubishi,Mighty Max Macro,1993,Apt 783,$7250.19,6/2/2025
835,Lincoln,MacGlory,lmacgloryn6@stanford.edu,Male,GMC,Terrain,2010,Suite 62,$2361.11,5/31/2025
836,Farr,Schoolfield,fschoolfieldn7@youku.com,Male,Chevrolet,Corvette,1975,Apt 1202,$7731.65,6/3/2025
837,Bertie,Corderoy,bcorderoyn8@about.me,Male,Pontiac,Bonneville,1993,Apt 1476,$6613.33,6/1/2025
838,Zuzana,Boller,zbollern9@pbs.org,Female,Nissan,Pathfinder,2012,16th Floor,$8367.31,5/31/2025
839,Antonio,Nettles,anettlesna@booking.com,Male,GMC,Jimmy,1992,Apt 756,$7799.56,5/31/2025
840,Alleyn,Crutchley,acrutchleynb@trellian.com,Male,MINI,Cooper,2009,Room 335,$8118.07,6/1/2025
841,Cole,Kimmel,ckimmelnc@google.nl,Male,Mazda,B2500,2001,Suite 37,$7379.42,5/31/2025
842,Corby,Camoletto,ccamolettond@microsoft.com,Male,Acura,NSX,1992,Room 953,$5292.46,6/2/2025
843,Trefor,Stephen,tstephenne@wikipedia.org,Male,Oldsmobile,Aurora,1996,Apt 704,$6300.75,6/1/2025
844,Carmella,Fearon,cfearonnf@about.me,Female,Toyota,TundraMax,2007,10th Floor,$4950.97,5/30/2025
845,Lorianna,Gilderoy,lgilderoyng@irs.gov,Female,Mercedes-Benz,E-Class,2000,PO Box 81912,$6227.66,6/1/2025
846,Tymon,Kettleson,tkettlesonnh@prweb.com,Male,Chevrolet,Express 3500,2004,PO Box 44369,$3363.32,5/31/2025
847,Gabriel,Morling,gmorlingni@blogs.com,Male,Eagle,Talon,1998,Suite 44,$9458.38,6/3/2025
848,Hillier,Rubie,hrubienj@latimes.com,Polygender,Volkswagen,GTI,1991,Suite 31,$9852.32,6/3/2025
849,Montague,Eim,meimnk@sfgate.com,Male,Dodge,Journey,2009,PO Box 31804,$7132.92,5/30/2025
850,Alonso,Newland,anewlandnl@printfriendly.com,Male,Honda,Pilot,2005,Room 1040,$4893.61,6/1/2025
851,Onofredo,Gledhill,ogledhillnm@ox.ac.uk,Male,Buick,Regal,1988,Room 787,$3114.37,5/31/2025
852,Horatius,Lamburne,hlamburnenn@sciencedaily.com,Male,BMW,8 Series,1994,13th Floor,$6876.97,6/1/2025
853,Vanda,Stinchcombe,vstinchcombeno@nifty.com,Female,Nissan,Pathfinder,2003,11th Floor,$2665.03,5/30/2025
854,Carce,Hunnam,chunnamnp@feedburner.com,Male,Honda,Pilot,2005,Room 223,$6957.46,6/2/2025
855,Kin,Clausner,kclausnernq@vinaora.com,Male,Infiniti,Q,1999,PO Box 53250,$4581.44,5/30/2025
856,Donaugh,Boone,dboonenr@livejournal.com,Male,Acura,MDX,2011,Suite 28,$7264.18,5/31/2025
857,Alaster,Taft,ataftns@senate.gov,Male,Mercedes-Benz,CL-Class,2000,Apt 608,$2939.50,6/1/2025
858,Kristyn,Geerdts,kgeerdtsnt@businessinsider.com,Female,Ford,E150,2004,Apt 1450,$3849.26,6/1/2025
859,Philippine,Diamond,pdiamondnu@fc2.com,Female,Maybach,57,2011,Suite 53,$8325.02,6/1/2025
860,Tailor,Enocksson,tenockssonnv@amazon.co.uk,Male,Toyota,Sequoia,2006,Suite 30,$7680.66,6/2/2025
861,May,Cocks,mcocksnw@github.io,Female,Hyundai,Entourage,2007,2nd Floor,$5446.11,6/1/2025
862,Hailee,Iltchev,hiltchevnx@soundcloud.com,Female,Porsche,Boxster,2004,Suite 30,$5673.43,5/31/2025
863,Tad,Crayton,tcraytonny@ehow.com,Male,Mercedes-Benz,SL-Class,2001,9th Floor,$2100.19,5/30/2025
864,Idette,Duckering,iduckeringnz@tamu.edu,Female,Hummer,H3T,2010,Suite 38,$1838.17,6/3/2025
865,Bartie,Brasener,bbrasenero0@shareasale.com,Male,Audi,S8,2003,Room 1245,$2394.19,6/3/2025
866,Merwin,Witherow,mwitherowo1@acquirethisname.com,Male,Chevrolet,Camaro,2010,13th Floor,$4576.41,5/31/2025
867,Melita,Stairmond,mstairmondo2@zdnet.com,Female,Hyundai,Scoupe,1993,Suite 95,$9391.22,6/2/2025
868,Cristian,Vagges,cvaggeso3@archive.org,Male,Nissan,370Z,2009,PO Box 768,$3628.59,5/30/2025
869,Irvine,Smullen,ismulleno4@yandex.ru,Male,Toyota,Camry,2001,Room 1059,$2992.88,5/31/2025
870,Nicolais,Skerrett,nskerretto5@tumblr.com,Male,Hyundai,Santa Fe,2009,PO Box 60918,$1966.82,6/3/2025
871,Gay,Barszczewski,gbarszczewskio6@tumblr.com,Female,Scion,FR-S,2013,PO Box 42661,$9314.38,5/31/2025
872,Joni,Nunnery,jnunneryo7@imgur.com,Female,Suzuki,Aerio,2004,PO Box 75990,$8406.93,6/1/2025
873,Joachim,Gatrill,jgatrillo8@hao123.com,Male,Chevrolet,Express 2500,2000,Room 841,$2492.45,6/1/2025
874,Jessica,Van Salzberger,jvansalzbergero9@vkontakte.ru,Female,Nissan,NX,1992,Room 1012,$4654.88,6/1/2025
875,Charlton,Griffin,cgriffinoa@walmart.com,Male,Audi,A4,1998,Room 1994,$6295.90,6/3/2025
876,Atlanta,Crinkley,acrinkleyob@newsvine.com,Bigender,Mercedes-Benz,500SEL,1992,Suite 14,$3256.90,6/3/2025
877,Boigie,Wackley,bwackleyoc@mtv.com,Male,Dodge,Ram 2500,2009,PO Box 91037,$8761.27,6/1/2025
878,Humberto,Wreath,hwreathod@meetup.com,Male,Jaguar,XK Series,1998,Room 1723,$1652.35,6/2/2025
879,Cece,Langan,clanganoe@smh.com.au,Male,Chevrolet,Express 1500,1997,Room 1172,$6764.13,5/31/2025
880,Granger,Standidge,gstandidgeof@thetimes.co.uk,Male,GMC,Sierra,2007,13th Floor,$1890.00,6/2/2025
881,Kimmie,Novacek,knovacekog@mapquest.com,Female,Ford,F250,2001,Suite 21,$4997.88,5/31/2025
882,Roanna,Thorbon,rthorbonoh@drupal.org,Female,Chevrolet,Corvette,1978,PO Box 25245,$3106.62,5/31/2025
883,Chan,Newhouse,cnewhouseoi@fotki.com,Male,Mercury,Monterey,2005,7th Floor,$4131.99,5/31/2025
884,Kimberly,Cudiff,kcudiffoj@reverbnation.com,Female,Chrysler,Voyager,2002,PO Box 87476,$1606.96,6/2/2025
885,Mira,Marte,mmarteok@nytimes.com,Female,Chevrolet,Venture,1997,PO Box 377,$1500.05,6/1/2025
886,Camey,Undy,cundyol@meetup.com,Male,Oldsmobile,Intrigue,2000,PO Box 39516,$2549.15,5/31/2025
887,Rina,Kesteven,rkestevenom@people.com.cn,Female,Hyundai,Elantra,2002,Room 1535,$7784.42,5/30/2025
888,Gearard,MacShirrie,gmacshirrieon@usda.gov,Male,Ferrari,430 Scuderia,2008,Suite 57,$8349.43,6/3/2025
889,Nichole,Fann,nfannoo@washingtonpost.com,Male,Kia,Sedona,2004,Apt 723,$6454.34,5/30/2025
890,Ambrosi,Coupland,acouplandop@meetup.com,Male,BMW,M Roadster,2008,PO Box 92255,$1894.76,6/1/2025
891,Rand,Sandercock,rsandercockoq@mlb.com,Male,Saab,9-5,2002,Apt 1894,$6536.77,6/2/2025
892,Beret,Mayzes,bmayzesor@multiply.com,Female,Suzuki,Equator,2009,Room 612,$7947.98,6/1/2025
893,Elias,Flinn,eflinnos@census.gov,Male,Oldsmobile,98,1992,Room 1244,$9528.82,6/3/2025
894,Elsbeth,Kiddey,ekiddeyot@comsenz.com,Female,Chevrolet,Express 3500,2003,Suite 81,$1609.26,6/1/2025
895,Tiffani,Heber,theberou@slashdot.org,Female,Pontiac,Firebird,1968,Suite 54,$7102.12,6/2/2025
896,Jennica,Agiolfinger,jagiolfingerov@salon.com,Female,Dodge,Stratus,1996,PO Box 43825,$4101.19,6/3/2025
897,Clarisse,Galpen,cgalpenow@oakley.com,Female,Chevrolet,Suburban 1500,2006,Suite 62,$1085.77,5/31/2025
898,Norry,Sanz,nsanzox@marriott.com,Female,Oldsmobile,Aurora,1996,Suite 48,$2259.77,5/30/2025
899,Cointon,Plet,cpletoy@clickbank.net,Male,Lincoln,Continental Mark VII,1985,Room 1460,$7232.97,6/3/2025
900,Philbert,Bowld,pbowldoz@telegraph.co.uk,Male,Mercury,Tracer,1998,Apt 1257,$9845.63,6/3/2025
901,Fraser,Bedding,fbeddingp0@tripod.com,Polygender,Porsche,Boxster,2008,Room 254,$2336.67,6/3/2025
902,Rosa,Biggam,rbiggamp1@woothemes.com,Female,Lotus,Esprit,1985,Apt 364,$4485.39,6/1/2025
903,Carry,Mithon,cmithonp2@sun.com,Female,Pontiac,Sunbird,1991,Suite 11,$6062.84,6/1/2025
904,Berna,Digg,bdiggp3@hc360.com,Female,Honda,Accord,1997,Room 1539,$3199.86,6/2/2025
905,Tyrus,Fidler,tfidlerp4@bloglovin.com,Male,Ford,Explorer Sport Trac,2005,Apt 1696,$5092.92,6/2/2025
906,Wilhelm,Boddington,wboddingtonp5@miibeian.gov.cn,Male,Isuzu,Oasis,1999,Room 808,$6736.79,6/2/2025
907,Gaby,Greystock,ggreystockp6@pbs.org,Male,Buick,Century,2005,PO Box 51199,$1486.02,6/3/2025
908,Cristiano,Giacobelli,cgiacobellip7@forbes.com,Male,Tesla,Model S,2012,Room 280,$7758.12,5/30/2025
909,Boniface,Halpine,bhalpinep8@craigslist.org,Male,Kia,Sedona,2004,Suite 33,$1813.00,6/2/2025
910,Issy,Parr,iparrp9@reference.com,Female,Ford,E250,2006,18th Floor,$2358.81,6/2/2025
911,Jo-ann,O'Fogarty,jofogartypa@mapquest.com,Female,Mazda,B-Series,2005,12th Floor,$8108.10,6/3/2025
912,Isabelita,Hartegan,iharteganpb@1und1.de,Female,GMC,Sierra 3500,2010,Apt 824,$1122.64,5/31/2025
913,Beck,Lobley,blobleypc@walmart.com,Male,Lexus,RX,2006,Apt 410,$7963.00,5/31/2025
914,Mufinella,Henzley,mhenzleypd@shop-pro.jp,Agender,BMW,5 Series,1997,Apt 1652,$7775.76,6/3/2025
915,Abdel,Yosevitz,ayosevitzpe@java.com,Male,Mercedes-Benz,SLS AMG,2011,Apt 326,$2682.57,6/2/2025
916,Carmine,Scutchings,cscutchingspf@phoca.cz,Male,Dodge,D350,1992,PO Box 41500,$3489.29,6/3/2025
917,Tine,Littlekit,tlittlekitpg@mashable.com,Female,Nissan,Maxima,2003,Suite 100,$4424.09,6/1/2025
918,Lowrance,Leopold,lleopoldph@phpbb.com,Male,Mitsubishi,3000GT,1998,Suite 87,$5836.74,5/30/2025
919,Gannon,Amberson,gambersonpi@tiny.cc,Male,Ford,Bronco,1988,PO Box 52181,$9376.79,6/1/2025
920,Lettie,Bastable,lbastablepj@wisc.edu,Female,Mercedes-Benz,C-Class,2009,PO Box 26285,$2543.35,6/1/2025
921,Magnum,Pietri,mpietripk@bbb.org,Male,GMC,Yukon XL 1500,2000,Room 1276,$3998.41,6/2/2025
922,Culver,Basson,cbassonpl@lycos.com,Male,Toyota,Tercel,1993,Apt 780,$6019.85,6/2/2025
923,Gertie,Oubridge,goubridgepm@reference.com,Female,Volkswagen,Rabbit,2009,Room 1082,$7651.26,6/2/2025
924,Valry,Healing,vhealingpn@ameblo.jp,Female,Infiniti,M,2010,Suite 45,$5980.17,6/1/2025
925,Keene,Worsnop,kworsnoppo@networkadvertising.org,Male,Ford,Ranger,1995,Suite 25,$4070.86,6/1/2025
926,Orelee,Kersting,okerstingpp@engadget.com,Female,Audi,S8,2002,PO Box 75149,$4756.35,6/2/2025
927,Kelley,Asmus,kasmuspq@stanford.edu,Male,Buick,Park Avenue,2004,Room 1067,$4445.34,6/2/2025
928,Randy,Cruxton,rcruxtonpr@who.int,Male,Chevrolet,HHR,2007,Room 496,$5732.09,6/3/2025
929,Siward,Nelson,snelsonps@mozilla.com,Male,Ford,Windstar,2002,Room 40,$2658.54,5/31/2025
930,Sheppard,Brierley,sbrierleypt@slideshare.net,Bigender,Mercedes-Benz,G-Class,2009,20th Floor,$7352.60,5/31/2025
931,Tatiania,Ryde,trydepu@topsy.com,Female,Maserati,Gran Sport,2006,Room 1298,$1337.04,5/31/2025
932,Shayne,MacFie,smacfiepv@exblog.jp,Male,Ram,1500,2012,PO Box 6544,$8721.20,6/2/2025
933,Jethro,Dupoy,jdupoypw@flavors.me,Male,Mercedes-Benz,SL-Class,1999,Apt 1516,$5316.35,6/1/2025
934,Sybyl,Letterick,sletterickpx@ucla.edu,Female,Infiniti,QX56,2007,PO Box 55534,$8209.32,6/3/2025
935,Aubrey,Olliffe,aolliffepy@wired.com,Female,GMC,Savana,2012,PO Box 95242,$8985.99,6/1/2025
936,Abbott,Meace,ameacepz@google.fr,Male,Hyundai,Veracruz,2009,Suite 99,$5180.40,5/31/2025
937,Ailene,Sevin,asevinq0@goo.ne.jp,Female,Chevrolet,Corsica,1995,Suite 99,$6110.83,5/30/2025
938,Briant,MacGinley,bmacginleyq1@usa.gov,Male,Chevrolet,Silverado,2010,2nd Floor,$3974.37,6/3/2025
939,Alysia,Lea,aleaq2@cnet.com,Female,Panoz,Esperante,2007,Apt 168,$1168.23,5/31/2025
940,Heindrick,Skeeles,hskeelesq3@desdev.cn,Male,Nissan,Frontier,2010,PO Box 11824,$4032.72,6/2/2025
941,Delinda,Dooler,ddoolerq4@sphinn.com,Female,Nissan,Pathfinder,2002,1st Floor,$6948.68,6/2/2025
942,Enos,Lidgerton,elidgertonq5@china.com.cn,Male,Chrysler,300,2007,Apt 1912,$4359.28,5/31/2025
943,Cymbre,Clewer,cclewerq6@naver.com,Female,Ferrari,599 GTB Fiorano,2009,7th Floor,$6216.00,6/2/2025
944,Neely,Hassett,nhassettq7@walmart.com,Female,Mitsubishi,Truck,1988,PO Box 32364,$4131.99,5/31/2025
945,Hube,De Fraine,hdefraineq8@alibaba.com,Male,Alfa Romeo,Spider,1994,Room 1254,$2893.72,5/31/2025
946,Jolene,Letessier,jletessierq9@fotki.com,Non-binary,Volkswagen,Cabriolet,1996,Apt 1119,$7203.99,5/31/2025
947,Merissa,Denerley,mdenerleyqa@hatena.ne.jp,Agender,Chevrolet,Suburban 1500,2009,1st Floor,$7031.37,5/30/2025
948,Neill,Fallen,nfallenqb@drupal.org,Male,Buick,Electra,1986,Apt 728,$8890.40,6/2/2025
949,Jefferson,Olivello,jolivelloqc@imgur.com,Male,Volvo,S60,2006,Suite 74,$7067.78,6/2/2025
950,Bard,Baudic,bbaudicqd@deliciousdays.com,Male,Toyota,Camry,1996,1st Floor,$9530.87,6/2/2025
951,Terese,Cormode,tcormodeqe@discovery.com,Female,Volkswagen,GTI,1998,Suite 22,$7210.92,6/2/2025
952,Trixie,McBay,tmcbayqf@army.mil,Female,Lexus,IS F,2009,9th Floor,$5424.35,6/1/2025
953,Pia,Nuschke,pnuschkeqg@nba.com,Female,Cadillac,DTS,2010,PO Box 65711,$9064.08,5/30/2025
954,Ryley,Bronger,rbrongerqh@discuz.net,Male,Chevrolet,Uplander,2007,Room 140,$9602.52,5/30/2025
955,Effie,Limming,elimmingqi@google.nl,Female,Nissan,Pathfinder,1997,Suite 35,$5609.70,6/2/2025
956,Randolf,Pevreal,rpevrealqj@free.fr,Male,Chevrolet,Express 1500,1999,13th Floor,$8223.09,5/30/2025
957,Adele,Rieme,ariemeqk@e-recht24.de,Female,Volvo,V90,1998,PO Box 12600,$1599.77,6/3/2025
958,Gay,Dondon,gdondonql@census.gov,Bigender,Kia,Mentor,1997,PO Box 805,$3036.57,5/30/2025
959,Veradis,Paulat,vpaulatqm@noaa.gov,Female,Honda,CR-X,1984,Suite 80,$9778.23,6/3/2025
960,Den,Alenichicov,dalenichicovqn@freewebs.com,Male,Jeep,Wrangler,2009,PO Box 63869,$9725.81,5/31/2025
961,Patrice,Gisbey,pgisbeyqo@ucoz.ru,Female,Oldsmobile,Cutlass Supreme,1996,Room 206,$8954.18,6/2/2025
962,Adelbert,Rawet,arawetqp@foxnews.com,Male,Subaru,Loyale,1992,Suite 87,$2318.76,5/30/2025
963,Ardeen,Scyone,ascyoneqq@livejournal.com,Female,Suzuki,Swift,1994,Room 938,$7691.57,6/3/2025
964,Dale,Crookshank,dcrookshankqr@acquirethisname.com,Female,Toyota,Land Cruiser,1995,Room 552,$7340.18,5/31/2025
965,Donnamarie,Dehmel,ddehmelqs@nps.gov,Female,Lincoln,Navigator,2001,Suite 60,$9208.49,5/31/2025
966,Godiva,Dumsday,gdumsdayqt@slashdot.org,Female,Ford,Fusion,2009,Room 1070,$2585.65,5/31/2025
967,Philis,Fandrich,pfandrichqu@mit.edu,Female,Chrysler,LHS,2001,PO Box 31416,$1015.63,6/3/2025
968,Evangelin,Rosenshine,erosenshineqv@cam.ac.uk,Female,GMC,Savana,2012,Apt 1268,$1956.73,5/30/2025
969,Gustave,Dooley,gdooleyqw@goo.ne.jp,Male,Pontiac,6000,1989,Room 1252,$5767.71,6/1/2025
970,Camilla,Tremonte,ctremonteqx@vinaora.com,Female,Honda,CR-V,2012,PO Box 80729,$6470.20,5/30/2025
971,Gaynor,Harland,gharlandqy@google.com.au,Female,Subaru,Legacy,2001,Suite 34,$2181.98,6/1/2025
972,Glenn,Titley,gtitleyqz@pen.io,Male,Lexus,LS,1997,11th Floor,$1634.99,6/1/2025
973,Cullen,Cocker,ccockerr0@psu.edu,Male,Toyota,Avalon,2005,10th Floor,$4886.63,6/3/2025
974,Alford,Gillow,agillowr1@sina.com.cn,Male,Ford,F-Series Super Duty,2007,Room 389,$4701.67,5/30/2025
975,Peggy,Le Noire,plenoirer2@sohu.com,Female,Chrysler,PT Cruiser,2006,1st Floor,$9094.74,5/30/2025
976,Rodolfo,Wase,rwaser3@drupal.org,Bigender,Subaru,Outback,2002,5th Floor,$6737.30,5/30/2025
977,Florian,Cooksley,fcooksleyr4@theglobeandmail.com,Male,Subaru,Forester,2000,Apt 955,$2032.18,6/2/2025
978,Veradis,Peverell,vpeverellr5@ihg.com,Female,Chevrolet,Aveo,2004,PO Box 90260,$8186.08,5/31/2025
979,Isa,Papen,ipapenr6@umn.edu,Female,Maybach,62,2005,Suite 48,$1317.92,5/31/2025
980,Xylia,Carthy,xcarthyr7@fda.gov,Genderfluid,Audi,A4,2005,3rd Floor,$1428.43,6/2/2025
981,Maren,Davern,mdavernr8@ucla.edu,Female,Mercury,Sable,2001,Apt 461,$6718.75,6/1/2025
982,Maribel,MacRierie,mmacrierier9@purevolume.com,Female,Rolls-Royce,Phantom,2011,Room 602,$4423.01,5/31/2025
983,Riordan,MacCrossan,rmaccrossanra@buzzfeed.com,Male,Volvo,C70,2002,Room 1747,$2300.16,5/30/2025
984,Fairleigh,Bunstone,fbunstonerb@yolasite.com,Polygender,BMW,M3,2008,Room 1207,$9567.88,5/31/2025
985,Ervin,Alsina,ealsinarc@japanpost.jp,Male,Infiniti,FX,2010,PO Box 88797,$2129.08,5/31/2025
986,Allard,Vasyunin,avasyuninrd@csmonitor.com,Polygender,Mazda,Millenia,1997,Apt 734,$4973.06,6/3/2025
987,Lennard,MacGuiness,lmacguinessre@google.fr,Male,Hyundai,Azera,2009,Apt 1198,$4292.66,5/31/2025
988,Rodger,Grumble,rgrumblerf@sphinn.com,Male,Ford,Bronco,1986,15th Floor,$9232.57,6/1/2025
989,Tod,Mirando,tmirandorg@parallels.com,Male,Chevrolet,Blazer,2000,11th Floor,$8205.87,6/3/2025
990,Hayward,French,hfrenchrh@bandcamp.com,Male,Infiniti,EX,2011,PO Box 14657,$6862.99,6/3/2025
991,Kale,Duding,kdudingri@accuweather.com,Male,Buick,Somerset,1987,Room 1155,$2662.97,6/1/2025
992,Moises,Sumpter,msumpterrj@angelfire.com,Male,Porsche,Boxster,2005,Room 1880,$9980.91,5/31/2025
993,Omar,Mickan,omickanrk@yale.edu,Male,Suzuki,Grand Vitara,2004,Apt 788,$2347.23,6/3/2025
994,Rhodia,Dymick,rdymickrl@hugedomains.com,Female,Mazda,MX-5,2008,Suite 31,$3591.10,6/3/2025
995,Jeffry,Bidewel,jbidewelrm@ameblo.jp,Male,Mercury,Sable,1994,Apt 1816,$1294.29,6/2/2025
996,Aryn,Epton,aeptonrn@sakura.ne.jp,Female,Saab,9000,1998,PO Box 2327,$1515.86,6/1/2025
997,Lavinie,Laden,lladenro@cnn.com,Female,GMC,Acadia,2007,Apt 2,$1328.55,6/3/2025
998,Davina,Spillett,dspillettrp@prlog.org,Female,Hyundai,Elantra,1996,Suite 69,$2124.77,6/2/2025
999,Rici,Wisniewski,rwisniewskirq@youku.com,Genderqueer,Toyota,Tacoma Xtra,2004,Suite 96,$7652.12,6/2/2025
1000,Jasmina,Andryushchenko,jandryushchenkorr@de.vu,Female,Ford,F250,1994,3rd Floor,$1442.39,5/30/2025
